timestamp,device_id,temperature,vibration,voltage,is_anomaly_real
2026-02-28 01:45:21.179952,pump_01,45.993428306022466,0.2699677718293001,217.97446517507686,0
2026-02-28 01:46:21.179952,pump_01,44.72347139765763,0.24623168414563845,219.56644398785343,0
2026-02-28 01:47:21.179952,pump_01,46.29537707620138,0.2029815184960087,217.62274023700013,0
2026-02-28 01:48:21.179952,pump_01,48.04605971281605,0.1676531611147213,219.07611541108287,0
2026-02-28 01:49:21.179952,pump_01,44.53169325055333,0.23491116568067952,214.31915599913864,0
2026-02-28 01:50:21.179952,pump_01,44.53172608610164,0.2196742692710875,220.63988112211882,0
2026-02-28 01:51:21.179952,pump_01,48.15842563101478,0.24475966100138663,220.00361642608667,0
2026-02-28 01:52:21.179952,pump_01,46.53486945830582,0.2317585900840985,217.54873410679542,0
2026-02-28 01:53:21.179952,pump_01,44.0610512281301,0.25247763576596677,221.97773700529723,0
2026-02-28 01:54:21.179952,pump_01,46.08512008717193,0.1732382394219716,222.81271041287968,0
2026-02-28 01:55:21.179952,pump_01,44.073164614375074,0.26586970328171633,215.17732040689307,0
2026-02-28 01:56:21.179952,pump_01,44.06854049285948,0.20987998023461998,217.71182566430136,0
2026-02-28 01:57:21.179952,pump_01,45.48392454313207,0.3037630436312633,217.6925729506381,0
2026-02-28 01:58:21.179952,pump_01,41.1734395106844,0.16554060909552162,217.1802906966734,0
2026-02-28 01:59:21.179952,pump_01,41.550164334973935,0.28679819015826247,222.48842452579524,0
2026-02-28 02:00:21.179952,pump_01,43.875424941518055,0.2098955391731324,219.41852158368158,0
2026-02-28 02:01:21.179952,pump_01,42.97433775933115,0.1674290998192776,219.20645547606816,0
2026-02-28 02:02:21.179952,pump_01,45.628494665190544,0.17580570829728392,213.98841290677973,0
2026-02-28 02:03:21.179952,pump_01,43.18395184895758,0.183982634590284,221.90625409062767,0
2026-02-28 02:04:21.179952,pump_01,42.17539259732942,0.22120829732009584,216.28222481543958,0
2026-02-28 02:05:21.179952,pump_01,47.93129753784311,0.226141774401775,220.179797890799,0
2026-02-28 02:06:21.179952,pump_01,44.54844739902693,0.17131499980307105,220.83213081387458,0
2026-02-28 02:07:21.179952,pump_01,45.13505640937585,0.19878227038695087,224.08197578751594,0
2026-02-28 02:08:21.179952,pump_01,42.15050362757309,0.3071135179305932,216.07353880264267,0
2026-02-28 02:09:21.179952,pump_01,43.91123455094964,0.2863771585050356,210.9414635325375,0
2026-02-28 02:10:21.179952,pump_01,45.22184517941973,0.2218161834837016,220.55154863426108,0
2026-02-28 02:11:21.179952,pump_01,42.6980128451554,0.20190017390841003,225.40153354453255,0
2026-02-28 02:12:21.179952,pump_01,45.75139603669135,0.20600156633591307,223.71683905881832,0
2026-02-28 02:13:21.179952,pump_01,43.79872262016239,0.23067589863652085,220.62897824582387,0
2026-02-28 02:14:21.179952,pump_01,44.41661250041345,0.14886037174007974,218.52509144310386,0
2026-02-28 02:15:21.179952,pump_01,43.79658677554121,0.18713117312883276,222.42136778991193,0
2026-02-28 02:16:21.179952,pump_01,48.70455636901787,0.11657079630612054,217.0793614008866,0
2026-02-28 02:17:21.179952,pump_01,44.973005550524135,0.21996115613026399,221.42907330806867,0
2026-02-28 02:18:21.179952,pump_01,42.8845781420882,0.23235979698513706,221.51641047749987,0
2026-02-28 02:19:21.179952,pump_01,46.64508982420638,0.1758406768850313,223.18062972249663,0
2026-02-28 02:20:21.179952,pump_01,42.558312700057954,0.27869933816450165,228.27898011673324,0
2026-02-28 02:21:21.179952,pump_01,45.41772719000951,0.13871171684988295,221.1772479015363,0
2026-02-28 02:22:21.179952,pump_01,41.08065975224045,0.126781255989509,218.4731091228775,0
2026-02-28 02:23:21.179952,pump_01,42.34362790220314,0.2112225909279986,219.92327706342402,0
2026-02-28 02:24:21.179952,pump_01,45.39372247173824,0.25235491513060776,214.69277228533264,0
2026-02-28 02:25:21.179952,pump_01,80.3615499608069,0.9447725251933774,181.0540137739646,1
2026-02-28 02:26:21.179952,pump_01,45.34273656237994,0.17705578685655302,218.7721526856607,0
2026-02-28 02:27:21.179952,pump_01,44.76870343522352,0.2539340416715648,218.4277348061962,0
2026-02-28 02:28:21.179952,pump_01,44.39779260882142,0.19807457652496466,220.45706461610118,0
2026-02-28 02:29:21.179952,pump_01,42.04295601926515,0.19136863500295903,217.5327402028534,0
2026-02-28 02:30:21.179952,pump_01,43.560311583210584,0.24418299687433365,223.36309200197343,0
2026-02-28 02:31:21.179952,pump_01,44.07872245808043,0.23261614392067098,220.0006211947546,0
2026-02-28 02:32:21.179952,pump_01,47.11424445243783,0.12118039215078753,219.97209903658415,0
2026-02-28 02:33:21.179952,pump_01,45.68723657913692,0.2738270174862948,219.01631585046124,0
2026-02-28 02:34:21.179952,pump_01,41.47391968927453,0.2690045677073726,220.46557205157694,0
2026-02-28 02:35:21.179952,pump_01,45.64816793878959,0.16872186492452354,222.4752947940029,0
2026-02-28 02:36:21.179952,pump_01,44.22983543916737,0.21979017667187045,217.3986093528673,0
2026-02-28 02:37:21.179952,pump_01,43.646155999388085,0.22470150931413696,218.02565053277422,0
2026-02-28 02:38:21.179952,pump_01,46.22335257768174,0.21303368829119537,219.08882191367002,0
2026-02-28 02:39:21.179952,pump_01,47.0619990449919,0.172484742307729,215.96238722958034,0
2026-02-28 02:40:21.179952,pump_01,46.8625602382324,0.16641883160309742,217.5422264208355,0
2026-02-28 02:41:21.179952,pump_01,78.14731048425665,1.4281700022246004,189.4574970222593,1
2026-02-28 02:42:21.179952,pump_01,44.38157524829757,0.2586364509629683,222.6231675421382,0
2026-02-28 02:43:21.179952,pump_01,45.66252686280713,0.22718000772972163,220.78768398700578,0
2026-02-28 02:44:21.179952,pump_01,46.95109025424472,0.1814692833956947,220.58076973410263,0
2026-02-28 02:45:21.179952,pump_01,71.63149851222732,1.2701962014708426,188.28708983818007,1
2026-02-28 02:46:21.179952,pump_01,76.12830898702073,1.3361010507193194,258.2025331894489,1
2026-02-28 02:47:21.179952,pump_01,42.787330051987944,0.2574382850186052,221.17139454978667,0
2026-02-28 02:48:21.179952,pump_01,42.60758675183866,0.11301431106109502,219.69033474120252,0
2026-02-28 02:49:21.179952,pump_01,46.6250516447884,0.1818779529298434,220.7960870481989,0
2026-02-28 02:50:21.179952,pump_01,47.71248005714165,0.1440165052686928,218.25172402716527,0
2026-02-28 02:51:21.179952,pump_01,44.85597975683933,0.13526592621395472,212.68354852517072,0
2026-02-28 02:52:21.179952,pump_01,47.00706579578405,0.258041339368926,219.59716251344108,0
2026-02-28 02:53:21.179952,pump_01,45.72327205009527,0.17661493993440544,224.2682444082998,0
2026-02-28 02:54:21.179952,pump_01,43.709760490789755,0.2173251940865358,222.77864620672477,0
2026-02-28 02:55:21.179952,pump_01,45.722791211016826,0.1976539710560408,222.89619245377352,0
2026-02-28 02:56:21.179952,pump_01,48.07607313293194,0.22385204136115608,223.70839216541864,0
2026-02-28 02:57:21.179952,pump_01,44.928347921780095,0.20384109455301277,220.2659727728843,0
2026-02-28 02:58:21.179952,pump_01,48.12928731162801,0.13585038879057154,220.5919471222168,0
2026-02-28 02:59:21.179952,pump_01,39.76050979182051,0.24981334097235702,218.14704431369694,0
2026-02-28 03:00:21.179952,pump_01,46.64380500875045,0.1753121708419344,219.05178143191884,0
2026-02-28 03:01:21.179952,pump_01,45.17409413647634,0.12217090506701245,221.84731344931342,0
2026-02-28 03:02:21.179952,pump_01,44.401985299068265,0.17859424195170437,223.61165331150644,0
2026-02-28 03:03:21.179952,pump_01,45.183521553071,0.27503798953171554,219.581661172957,0
2026-02-28 03:04:21.179952,pump_01,41.024862170798215,0.24251108710567465,218.64943220544578,0
2026-02-28 03:05:21.179952,pump_01,78.00625672345988,1.0992265697166823,259.20691400778617,1
2026-02-28 03:06:21.179952,pump_01,45.71422514302349,0.18253711478407858,221.80362024678735,0
2026-02-28 03:07:21.179952,pump_01,47.95578808948303,0.18391824743913088,215.66843555159937,0
2026-02-28 03:08:21.179952,pump_01,43.9634595634527,0.3038373991780421,213.1114571405883,0
2026-02-28 03:09:21.179952,pump_01,43.38301279421363,0.21909677261157767,218.34838945152524,0
2026-02-28 03:10:21.179952,pump_01,43.99648591283093,0.2215020823595535,216.3378627222575,0
2026-02-28 03:11:21.179952,pump_01,46.830804235404145,0.25151417270159215,218.47557940705806,0
2026-02-28 03:12:21.179952,pump_01,45.65750221931937,0.21193945795132568,219.5566590435476,0
2026-02-28 03:13:21.179952,pump_01,43.94047959246592,0.18704789270896485,218.64025477293097,0
2026-02-28 03:14:21.179952,pump_01,46.02653486622671,0.1901825075457511,224.35740260341223,0
2026-02-28 03:15:21.179952,pump_01,80.42754042947482,0.9793340601075485,183.12919548028822,1
2026-02-28 03:16:21.179952,pump_01,46.93728998106578,0.19813888817450792,220.9014230788325,0
2026-02-28 03:17:21.179952,pump_01,43.59589381224529,0.23638147718184901,221.86662143213022,0
2026-02-28 03:18:21.179952,pump_01,44.344675706804466,0.202597294290365,216.58350064665768,0
2026-02-28 03:19:21.179952,pump_01,44.21578369373569,0.23663200386077898,223.1173353622608,0
2026-02-28 03:20:21.179952,pump_01,42.07297010373576,0.1959641709945709,219.7727071403936,0
2026-02-28 03:21:21.179952,pump_01,45.592240554129155,0.20393175951580453,222.01144185172365,0
2026-02-28 03:22:21.179952,pump_01,45.522110544359776,0.10008996577339463,216.78442830087954,0
2026-02-28 03:23:21.179952,pump_01,45.010226913284924,0.2458163837351241,215.3387237019518,0
2026-02-28 03:24:21.179952,pump_01,75.71251977124486,1.1952134472534244,252.7055925648799,1
2026-02-28 03:25:21.179952,pump_01,42.16925851589917,0.24990050549298262,221.12922857829255,0
2026-02-28 03:26:21.179952,pump_01,44.15870935446928,0.055187231090315536,217.29384533692746,0
2026-02-28 03:27:21.179952,pump_01,44.31457096694646,0.3044187352390364,217.39101075617592,0
2026-02-28 03:28:21.179952,pump_01,43.39544546155676,0.1930205185922413,223.3763043532443,0
2026-02-28 03:29:21.179952,pump_01,70.47892530540967,1.2753466231469461,259.420582194886,1
2026-02-28 03:30:21.179952,pump_01,45.80810171362908,0.14800470364372348,224.9280188597679,0
2026-02-28 03:31:21.179952,pump_01,48.77237180242106,0.2306386952531285,217.29813779605638,0
2026-02-28 03:32:21.179952,pump_01,45.34915562566368,0.1473292218413172,221.91517577682515,0
2026-02-28 03:33:21.179952,pump_01,45.515100781445526,0.16881155196520975,219.01414457275305,0
2026-02-28 03:34:21.179952,pump_01,44.85110816846767,0.29570156769333933,221.80956229324704,0
2026-02-28 03:35:21.179952,pump_01,41.162457569401916,0.19046587996183267,218.36765799365742,0
2026-02-28 03:36:21.179952,pump_01,44.94697224910156,0.21087164365898614,219.5116212817831,0
2026-02-28 03:37:21.179952,pump_01,45.12046041988205,0.24350338653443773,220.12275752618717,0
2026-02-28 03:38:21.179952,pump_01,49.92648422497057,0.22478409439863023,216.99343763265557,0
2026-02-28 03:39:21.179952,pump_01,44.61527807043775,0.20752094525717885,222.22247303626037,0
2026-02-28 03:40:21.179952,pump_01,45.60309468466723,0.21824805012331128,218.46035930058525,0
2026-02-28 03:41:21.179952,pump_01,44.93057646058951,0.3201707792619138,219.31420025397995,0
2026-02-28 03:42:21.179952,pump_01,42.662643924760935,0.19711906014832073,217.01695187617446,0
2026-02-28 03:43:21.179952,pump_01,47.28564562903004,0.2100549523357484,212.31299902361405,0
2026-02-28 03:44:21.179952,pump_01,80.2741571043061,0.8140964942645029,183.31616849107834,1
2026-02-28 03:45:21.179952,pump_01,46.58206389408609,0.2552762966478992,227.23784626483874,0
2026-02-28 03:46:21.179952,pump_01,43.18122509041052,0.25935151527801903,222.35381286369406,0
2026-02-28 03:47:21.179952,pump_01,47.8055886218722,0.23193651110145924,219.94221886079683,0
2026-02-28 03:48:21.179952,pump_01,42.196297874415436,0.14284975436347583,219.2113275123752,0
2026-02-28 03:49:21.179952,pump_01,46.17371418760054,0.2816715766150548,220.06739767843615,0
2026-02-28 03:50:21.179952,pump_01,73.92588604622134,0.8966877051981731,255.2054383730486,1
2026-02-28 03:51:21.179952,pump_01,43.018927349738625,0.21513177326195168,216.45756155407346,0
2026-02-28 03:52:21.179952,pump_01,43.86740454079445,0.1622862074990321,223.3429650840066,0
2026-02-28 03:53:21.179952,pump_01,45.19930273017528,0.1967930826703504,222.14614394632372,0
2026-02-28 03:54:21.179952,pump_01,43.993048691767605,0.21643812051517403,222.1545571771238,0
2026-02-28 03:55:21.179952,pump_01,41.89867313786773,0.21606786077251366,221.31542721642919,0
2026-02-28 03:56:21.179952,pump_01,45.137125949612056,0.22109603771176425,220.05884997308198,0
2026-02-28 03:57:21.179952,pump_01,42.87539257254779,0.2806855634529324,222.01858370790046,0
2026-02-28 03:58:21.179952,pump_01,45.947184861270365,0.222676715075699,221.77544240122413,0
2026-02-28 03:59:21.179952,pump_01,43.1611515315324,0.18779216823546757,218.93787786717692,0
2026-02-28 04:00:21.179952,pump_01,48.099868810035076,0.24820435841441787,218.2791946813093,0
2026-02-28 04:01:21.179952,pump_01,43.433493415327526,0.25947352444623206,220.30556888578596,0
2026-02-28 04:02:21.179952,pump_01,44.35587696758865,0.1386196092431504,224.64706045448557,0
2026-02-28 04:03:21.179952,pump_01,46.627034434739336,0.22987000349249292,216.2826787730383,0
2026-02-28 04:04:21.179952,pump_01,42.53827136713209,0.23505863711554492,215.59742420274267,0
2026-02-28 04:05:21.179952,pump_01,45.45491986920826,0.1851218248320004,220.49428252370956,0
2026-02-28 04:06:21.179952,pump_01,47.614285508564855,0.268785340665581,220.15266310556805,0
2026-02-28 04:07:21.179952,pump_01,81.93890446826344,1.3306282947078516,188.73043147015204,1
2026-02-28 04:08:21.179952,pump_01,45.36926771706461,0.2062788226735771,220.7318595937255,0
2026-02-28 04:09:21.179952,pump_01,45.519765588496846,0.19134640878580653,219.33039323609557,0
2026-02-28 04:10:21.179952,pump_01,46.56364574355462,0.2007789523790734,224.46959031580624,0
2026-02-28 04:11:21.179952,pump_01,42.52609857824383,0.1451862456552399,215.19728806457044,0
2026-02-28 04:12:21.179952,pump_01,42.35908677383145,0.12799745587028527,217.51450892565927,0
2026-02-28 04:13:21.179952,pump_01,46.0438831312338,0.27972525316124863,219.69023571955285,0
2026-02-28 04:14:21.179952,pump_01,45.59396934646637,0.1576519325840836,215.0704335665375,0
2026-02-28 04:15:21.179952,pump_01,82.30841559641671,0.8915021265128301,184.60898338206582,1
2026-02-28 04:16:21.179952,pump_01,45.69289641899395,0.09233049431981427,224.98441049718406,0
2026-02-28 04:17:21.179952,pump_01,75.37595230060396,1.454180716500861,254.2219223388068,1
2026-02-28 04:18:21.179952,pump_01,45.464507394322005,0.1338455103296251,220.69210271715605,0
2026-02-28 04:19:21.179952,pump_01,45.586144946597365,0.28210075800681844,216.21950570448226,0
2026-02-28 04:20:21.179952,pump_01,43.571297163947264,0.2504908544671317,218.15091577588157,0
2026-02-28 04:21:21.179952,pump_01,48.731549022289514,0.16559248274111382,218.8744108590282,0
2026-02-28 04:22:21.179952,pump_01,45.94766584182358,0.3126217902672155,219.0468547097313,0
2026-02-28 04:23:21.179952,pump_01,42.6173930055947,0.24908827434957972,223.8449313850113,0
2026-02-28 04:24:21.179952,pump_01,46.31310721726766,0.18375843082456889,221.6730731821754,0
2026-02-28 04:25:21.179952,pump_01,43.050636659545354,0.07502971425632135,216.6656261291889,0
2026-02-28 04:26:21.179952,pump_01,46.57416920748491,0.3145471286295371,220.739514335296,0
2026-02-28 04:27:21.179952,pump_01,47.31719115801481,0.1305213766618202,221.49466524549035,0
2026-02-28 04:28:21.179952,pump_01,43.35863536329658,0.11773006265215541,223.4204471155638,0
2026-02-28 04:29:21.179952,pump_01,46.92675225848864,0.25112852160048205,224.74162205970512,0
2026-02-28 04:30:21.179952,pump_01,45.825561853873,0.32198762031696365,216.9547174245164,0
2026-02-28 04:31:21.179952,pump_01,46.64412031998898,0.2692136409255259,217.567427466369,0
2026-02-28 04:32:21.179952,pump_01,48.7935859653079,0.22819545600261798,216.22726642325614,0
2026-02-28 04:33:21.179952,pump_01,44.50922376799426,0.22973771708326432,219.29794042267906,0
2026-02-28 04:34:21.179952,pump_01,43.49252767128502,0.2426707779390154,221.399075123339,0
2026-02-28 04:35:21.179952,pump_01,43.22097114074895,0.23794642948933828,222.9620035497673,0
2026-02-28 04:36:21.179952,pump_01,43.368379430069126,0.2140595711984688,219.77214692907242,0
2026-02-28 04:37:21.179952,pump_01,44.84579658117179,0.2052100551975938,219.04045743023548,0
2026-02-28 04:38:21.179952,pump_01,45.68230394963329,0.1968703436050239,220.4552739767462,0
2026-02-28 04:39:21.179952,pump_01,45.55338159866004,0.1623017705566662,217.49457129510992,0
2026-02-28 04:40:21.179952,pump_01,46.65436649807205,0.1859662461566613,226.26861616508432,0
2026-02-28 04:41:21.179952,pump_01,45.02600378375581,0.11535215929023074,215.17701691864582,0
2026-02-28 04:42:21.179952,pump_01,47.907068154314636,0.1950830186602625,220.55422173668717,0
2026-02-28 04:43:21.179952,pump_01,44.470686333524085,0.15057044464245414,226.0708186576889,0
2026-02-28 04:44:21.179952,pump_01,50.44033833317924,0.14482053413921148,220.02039953368,0
2026-02-28 04:45:21.179952,pump_01,46.25133469553001,0.20899470755767394,219.42988289499553,0
2026-02-28 04:46:21.179952,pump_01,43.285684887167434,0.26960011431722997,218.9276637315687,0
2026-02-28 04:47:21.179952,pump_01,42.858215003877774,0.24591583030011566,219.45882495471278,0
2026-02-28 04:48:21.179952,pump_01,45.964944830486374,0.12147496981884115,224.11854542402958,0
2026-02-28 04:49:21.179952,pump_01,44.5530744293483,0.15051859317148314,213.36441426601147,0
2026-02-28 04:50:21.179952,pump_01,46.42800098818418,0.2470385593994108,224.60030110388897,0
2026-02-28 04:51:21.179952,pump_01,45.94647524914709,0.15087563032308454,215.72812854264956,0
2026-02-28 04:52:21.179952,pump_01,44.85434217468625,0.1887683425001488,219.20004301229676,0
2026-02-28 04:53:21.179952,pump_01,43.30641256386319,0.2275026049512276,218.71226673910402,0
2026-02-28 04:54:21.179952,pump_01,41.97030555062827,0.15158277725681824,221.76565980931215,0
2026-02-28 04:55:21.179952,pump_01,44.10697009586596,0.205268775307298,215.20562694434875,0
2026-02-28 04:56:21.179952,pump_01,46.71279758864694,0.13329872525408978,221.38651799824584,0
2026-02-28 04:57:21.179952,pump_01,45.428187488260406,0.16993161780243932,226.07292886986056,0
2026-02-28 04:58:21.179952,pump_01,42.50852244257602,0.21598909670712685,215.91047798622157,0
2026-02-28 04:59:21.179952,pump_01,45.34636185170236,0.12035031332341654,220.56911850283117,0
2026-02-28 05:00:21.179952,pump_01,45.77063475945767,0.22202373689801996,218.01405346661016,0
2026-02-28 05:01:21.179952,pump_01,43.232285127597734,0.19901811005366596,221.27766161857912,0
2026-02-28 05:02:21.179952,pump_01,45.30745021189106,0.2276244977208574,220.05744333224726,0
2026-02-28 05:03:21.179952,pump_01,45.116417436892,0.2111957067032331,218.07553927286708,0
2026-02-28 05:04:21.179952,pump_01,42.714059404338755,0.26820702149869224,221.46361685461324,0
2026-02-28 05:05:21.179952,pump_01,45.715574720696566,0.20626122513239536,225.41304432936022,0
2026-02-28 05:06:21.179952,pump_01,46.12156905273647,0.17852972294373737,219.42728862481812,0
2026-02-28 05:07:21.179952,pump_01,47.16610248635055,0.2061148751516142,222.15927382644455,0
2026-02-28 05:08:21.179952,pump_01,47.10760410406981,0.22716490145181942,216.1201811263865,0
2026-02-28 05:09:21.179952,pump_01,42.24466126408582,0.20244300351628522,217.130690869546,0
2026-02-28 05:10:21.179952,pump_01,43.124349920169756,0.20202958456019413,221.41721883364113,0
2026-02-28 05:11:21.179952,pump_01,46.03007053441732,0.16490041560966223,224.4523480856079,0
2026-02-28 05:12:21.179952,pump_01,46.027571901824416,0.1668549541224526,221.066840046357,0
2026-02-28 05:13:21.179952,pump_01,46.030095372612095,0.1298697364100153,219.06082590843053,0
2026-02-28 05:14:21.179952,pump_01,52.705462981309445,0.28747883715934697,219.99787421627005,0
2026-02-28 05:15:21.179952,pump_01,46.141781021386336,0.13780683823043577,216.24877679809086,0
2026-02-28 05:16:21.179952,pump_01,47.271131280361196,0.16535474011020465,221.8135459790661,0
2026-02-28 05:17:21.179952,pump_01,46.908003526986406,0.16407963672154013,222.64699918697022,0
2026-02-28 05:18:21.179952,pump_01,46.3027825026116,0.24474621884722209,218.64372900150076,0
2026-02-28 05:19:21.179952,pump_01,44.36946151071931,0.1852525160853986,218.5898735567215,0
2026-02-28 05:20:21.179952,pump_01,46.51793844098653,0.2623871036336867,220.79763468895615,0
2026-02-28 05:21:21.179952,pump_01,43.454349570924855,0.16632546878780657,218.68984079187823,0
2026-02-28 05:22:21.179952,pump_01,44.52636278651998,0.2139497081111901,219.80160215612253,0
2026-02-28 05:23:21.179952,pump_01,44.029272904341795,0.15823264733701214,226.29916536749954,0
2026-02-28 05:24:21.179952,pump_01,45.163748278772644,0.3072574563886694,219.258922897762,0
2026-02-28 05:25:21.179952,pump_01,49.629317133347016,0.14062007904852436,218.92497954393633,0
2026-02-28 05:26:21.179952,pump_01,41.2654696148165,0.21549103551135138,218.05737458309451,0
2026-02-28 05:27:21.179952,pump_01,46.37252038074903,0.23168884404660495,222.23257591449982,0
2026-02-28 05:28:21.179952,pump_01,41.7745682576207,0.22068995487257492,219.4563274803457,0
2026-02-28 05:29:21.179952,pump_01,44.056136268421135,0.1907356170561146,218.05188088503573,0
2026-02-28 05:30:21.179952,pump_01,47.17790119393473,0.1935089650133287,223.96391209681903,0
2026-02-28 05:31:21.179952,pump_01,45.128560038190926,0.20219057359895548,224.2588090135409,0
2026-02-28 05:32:21.179952,pump_01,42.844510444141385,0.1926498999185756,218.19872930278387,0
2026-02-28 05:33:21.179952,pump_01,43.569392581480066,0.2481939558397455,214.40038014591815,0
2026-02-28 05:34:21.179952,pump_01,46.35919549786935,0.3105261500795676,223.02254106951077,0
2026-02-28 05:35:21.179952,pump_01,43.53926673656573,0.17212541074960833,217.94611052271998,0
2026-02-28 05:36:21.179952,pump_01,45.43291717916395,0.13150985102104612,222.3718767974883,0
2026-02-28 05:37:21.179952,pump_01,45.09114367980763,0.19558589758243727,214.0896885468645,0
2026-02-28 05:38:21.179952,pump_01,43.696799304788364,0.3289854668827159,222.67779201489793,0
2026-02-28 05:39:21.179952,pump_01,49.287888178650654,0.15981627160151346,216.36648421215764,0
2026-02-28 05:40:21.179952,pump_01,46.26783804463602,0.2819558402722034,222.19229235719956,0
2026-02-28 05:41:21.179952,pump_01,40.94971482668478,0.28388504070382203,220.0428192035093,0
2026-02-28 05:42:21.179952,pump_01,45.372908629538856,0.17232058791460028,217.13818174181006,0
2026-02-28 05:43:21.179952,pump_01,43.67642707046323,0.2284491539592638,218.77889106121967,0
2026-02-28 05:44:21.179952,pump_01,46.70486666959245,0.28141983115642694,222.0589553708701,0
2026-02-28 05:45:21.179952,pump_01,43.4149585231346,0.18104361295062565,220.3176833593457,0
2026-02-28 05:46:21.179952,pump_01,44.7705271170662,0.18982098199488193,221.75323894141746,0
2026-02-28 05:47:21.179952,pump_01,46.009974557960916,0.1709159543025678,225.92932175354645,0
2026-02-28 05:48:21.179952,pump_01,46.73151038834024,0.14926216346535667,215.30727516486684,0
2026-02-28 05:49:21.179952,pump_01,42.599407185888445,0.16753612274669966,224.85163772490588,0
2026-02-28 05:50:21.179952,pump_01,44.3309975283181,0.13880298666188717,220.31306781256964,0
2026-02-28 05:51:21.179952,pump_01,44.05010937767809,0.20170417341296132,217.30364785503062,0
2026-02-28 05:52:21.179952,pump_01,43.69334153485258,0.16150133844706793,216.00905912278304,0
2026-02-28 05:53:21.179952,pump_01,48.530908480562196,0.2116892955895374,219.4326388276689,0
2026-02-28 05:54:21.179952,pump_01,45.809963421921914,0.12220521768981864,222.7649503357734,0
2026-02-28 05:55:21.179952,pump_01,42.47823209132991,0.21654401161072287,219.6173526388674,0
2026-02-28 05:56:21.179952,pump_01,46.83572389410955,0.24167644808044625,224.53346479074204,0
2026-02-28 05:57:21.179952,pump_01,49.244312394025265,0.10031321787142723,215.64647292984532,0
2026-02-28 05:58:21.179952,pump_01,47.06493052110229,0.21870282849237863,219.96373315646184,0
2026-02-28 05:59:21.179952,pump_01,41.961260068091974,0.2613834496236646,216.24281966676065,0
2026-02-28 06:00:21.179952,pump_01,44.0315318542675,0.13951794906543974,221.0908956478749,0
2026-02-28 06:01:21.179952,pump_01,47.533822298373245,0.2836286193418852,222.6606621702919,0
2026-02-28 06:02:21.179952,pump_01,43.584661068762436,0.22095095046830227,218.73771461895683,0
2026-02-28 06:03:21.179952,pump_01,45.887638856292455,0.16474940721207956,212.1873584301186,0
2026-02-28 06:04:21.179952,pump_01,46.549268106858676,0.19721154611711472,220.59684444038948,0
2026-02-28 06:05:21.179952,pump_01,43.146139056843836,0.22791634562608615,221.31021565520052,0
2026-02-28 06:06:21.179952,pump_01,44.8809492878764,0.20380026957062058,221.2128842648851,0
2026-02-28 06:07:21.179952,pump_01,38.517465319861856,0.22693779962231847,223.70734657546646,0
2026-02-28 06:08:21.179952,pump_01,42.95122471733142,0.1539663203460317,216.78683896105287,0
2026-02-28 06:09:21.179952,pump_01,44.49486369721368,0.2084680412018039,222.04064831635134,0
2026-02-28 06:10:21.179952,pump_01,74.27989357396628,1.1531191591685488,259.95734452051323,1
2026-02-28 06:11:21.179952,pump_01,48.26482260786327,0.194438696932565,214.66423724798045,0
2026-02-28 06:12:21.179952,pump_01,42.13971724407873,0.15480461792676053,220.95895547775694,0
2026-02-28 06:13:21.179952,pump_01,44.11991102660603,0.16322350287051168,218.487460506977,0
2026-02-28 06:14:21.179952,pump_01,45.26148115457218,0.2618046587605219,219.75543198069505,0
2026-02-28 06:15:21.179952,pump_01,47.88254657813223,0.25456550602971345,221.043029450615,0
2026-02-28 06:16:21.179952,pump_01,42.12827569764112,0.23045690604535887,218.53831430765933,0
2026-02-28 06:17:21.179952,pump_01,47.326327504309916,0.14538436176637107,217.97287576251517,0
2026-02-28 06:18:21.179952,pump_01,45.020466122039174,0.18417957751525993,220.10245725246406,0
2026-02-28 06:19:21.179952,pump_01,43.0369826979041,0.26065488499895917,216.7382621834116,0
2026-02-28 06:20:21.179952,pump_01,45.92420694852654,0.20708584568199526,216.74252461334444,0
2026-02-28 06:21:21.179952,pump_01,45.39811939114694,0.31596647699908476,222.0381198488695,0
2026-02-28 06:22:21.179952,pump_01,43.79956624568241,0.2196658919697186,216.55361789452402,0
2026-02-28 06:23:21.179952,pump_01,45.13960416998004,0.2096024558245016,221.99893750272764,0
2026-02-28 06:24:21.179952,pump_01,44.22937280627648,0.18454417678987495,221.38777387856186,0
2026-02-28 06:25:21.179952,pump_01,45.2270346905025,0.20667704523911412,214.8225798136282,0
2026-02-28 06:26:21.179952,pump_01,46.3242613490421,0.19237650818097282,217.96730604299304,0
2026-02-28 06:27:21.179952,pump_01,48.172033632290706,0.23540543383442952,223.5823282091421,0
2026-02-28 06:28:21.179952,pump_01,42.524369002346305,0.24783511583972923,217.05650340658096,0
2026-02-28 06:29:21.179952,pump_01,49.266066749312536,0.16070052697460252,218.60678721307184,0
2026-02-28 06:30:21.179952,pump_01,41.095824400954996,0.1334383523221111,221.38618267975568,0
2026-02-28 06:31:21.179952,pump_01,44.69642980992883,0.10818973134483517,222.35017152784778,0
2026-02-28 06:32:21.179952,pump_01,46.17663441296915,0.2253995663456272,219.2453833418665,0
2026-02-28 06:33:21.179952,pump_01,45.561983735470065,0.14483166969130634,218.20746941592506,0
2026-02-28 06:34:21.179952,pump_01,43.754600960358815,0.09235547035237586,224.2671095850955,0
2026-02-28 06:35:21.179952,pump_01,44.58375549928545,0.21942893022654822,225.21669899139275,0
2026-02-28 06:36:21.179952,pump_01,44.01399813068233,0.3246499758716396,222.93657415234537,0
2026-02-28 06:37:21.179952,pump_01,43.82127048611158,0.19969645442300535,220.25595442769506,0
2026-02-28 06:38:21.179952,pump_01,46.699204194042046,0.2419245387225821,217.57520283507722,0
2026-02-28 06:39:21.179952,pump_01,70.12928715579422,1.420319905839195,256.7916256831956,1
2026-02-28 06:40:21.179952,pump_01,43.61418080947869,0.19505551734044288,221.56754231579728,0
2026-02-28 06:41:21.179952,pump_01,46.7991997508665,0.24595382414938843,221.25519466266604,0
2026-02-28 06:42:21.179952,pump_01,45.614599041753216,0.18548627279056745,224.2047957788393,0
2026-02-28 06:43:21.179952,pump_01,46.62572423767792,0.21336961570359517,221.9513502776084,0
2026-02-28 06:44:21.179952,pump_01,46.259257683847224,0.2160848903098007,215.49075909472054,0
2026-02-28 06:45:21.179952,pump_01,71.7557647411632,1.3105168603340442,188.2956271568305,1
2026-02-28 06:46:21.179952,pump_01,43.87963791960606,0.24960211747682615,217.00581811805677,0
2026-02-28 06:47:21.179952,pump_01,46.49458721024652,0.19125201216522958,218.84808618414294,0
2026-02-28 06:48:21.179952,pump_01,46.22074053086693,0.16221274202535776,220.75060061875507,0
2026-02-28 06:49:21.179952,pump_01,44.958196812071705,0.2268254921785202,225.9870024693519,0
2026-02-28 06:50:21.179952,pump_01,45.23465476661757,0.15507660091044814,229.32975566801608,0
2026-02-28 06:51:21.179952,pump_01,47.55532979157685,0.20140905786845642,221.82016917740856,0
2026-02-28 06:52:21.179952,pump_01,43.81685722232834,0.19954405016778984,219.45041014383884,0
2026-02-28 06:53:21.179952,pump_01,46.094194762340074,0.2542947782915789,221.60351694544164,0
2026-02-28 06:54:21.179952,pump_01,44.59561469513221,0.22373491164399764,222.6629662776215,0
2026-02-28 06:55:21.179952,pump_01,44.56463759354556,0.1987486520627428,219.03799712332844,0
2026-02-28 06:56:21.179952,pump_01,47.19755370397438,0.24088831496001437,225.38563406773696,0
2026-02-28 06:57:21.179952,pump_01,46.65083269797606,0.2695103774508657,220.6902122775742,0
2026-02-28 06:58:21.179952,pump_01,46.62701927200128,0.22789051531759313,221.4932292672742,0
2026-02-28 06:59:21.179952,pump_01,47.61095761430866,0.20051763099216904,221.99777275616339,0
2026-02-28 07:00:21.179952,pump_01,45.04200768326552,0.13440818838249202,221.26475983184338,0
2026-02-28 07:01:21.179952,pump_01,46.36390594258993,0.14674431684623138,222.51682150140883,0
2026-02-28 07:02:21.179952,pump_01,81.0106336119245,0.9617565970121473,259.75778818548935,1
2026-02-28 07:03:21.179952,pump_01,45.64833270497689,0.16952438989203586,218.3250947381619,0
2026-02-28 07:04:21.179952,pump_01,44.73971389126463,0.19065143485072772,216.69953730108492,0
2026-02-28 07:05:21.179952,pump_01,45.19399192998544,0.20283249624485536,221.31850369186068,0
2026-02-28 07:06:21.179952,pump_01,46.19031405087383,0.22648463771783656,222.33680951053634,0
2026-02-28 07:07:21.179952,pump_01,43.36355863353305,0.19647506109704546,221.37331859845565,0
2026-02-28 07:08:21.179952,pump_01,49.18477455137092,0.22432508219131012,225.0234773000426,0
2026-02-28 07:09:21.179952,pump_01,42.987965237000594,0.20322372074050601,219.98321194351286,0
2026-02-28 07:10:21.179952,pump_01,42.57162277442453,0.10122667168230644,222.00622496677755,0
2026-02-28 07:11:21.179952,pump_01,47.316221747000135,0.1530332303090623,216.72489737158205,0
2026-02-28 07:12:21.179952,pump_01,46.583325387925875,0.19279562221391924,218.8387008925768,0
2026-02-28 07:13:21.179952,pump_01,46.24823963410431,0.13951526285794463,222.08661327269732,0
2026-02-28 07:14:21.179952,pump_01,84.99719862576538,1.087477843107198,250.73364067459602,1
2026-02-28 07:15:21.179952,pump_01,44.97550645430617,0.2765375416171849,219.11809915700746,0
2026-02-28 07:16:21.179952,pump_01,43.205491257028335,0.26093809258486583,219.7852022444258,0
2026-02-28 07:17:21.179952,pump_01,45.151609116387455,0.1893278564534896,215.44637875995758,0
2026-02-28 07:18:21.179952,pump_01,43.645676576975774,0.27453630684249763,218.92891239758018,0
2026-02-28 07:19:21.179952,pump_01,46.950239466835505,0.2074333728601056,222.67114949055937,0
2026-02-28 07:20:21.179952,pump_01,44.70588523699572,0.18314570144409803,221.7256150483197,0
2026-02-28 07:21:21.179952,pump_01,43.34900560641498,0.16932986682295303,221.50199716414363,0
2026-02-28 07:22:21.179952,pump_01,44.35722831669401,0.1848765156755936,220.14932106154288,0
2026-02-28 07:23:21.179952,pump_01,45.82586290855125,0.18059115907293857,220.02118947588454,0
2026-02-28 07:24:21.179952,pump_01,43.87255089439205,0.2085208111187744,218.01903658157966,0
2026-02-28 07:25:21.179952,pump_01,43.355559208867135,0.20802869905249324,222.0964852606076,0
2026-02-28 07:26:21.179952,pump_01,45.48737442298383,0.20015230100767073,221.26291883316816,0
2026-02-28 07:27:21.179952,pump_01,45.489933142217446,0.2218469084873175,221.4760565439784,0
2026-02-28 07:28:21.179952,pump_01,43.98611364925774,0.25953231373931707,218.42189547199726,0
2026-02-28 07:29:21.179952,pump_01,44.057923388763356,0.2474777067720662,213.53997124038628,0
2026-02-28 07:30:21.179952,pump_01,45.464099874715274,0.12575510157750483,223.29145813526108,0
2026-02-28 07:31:21.179952,pump_01,75.76369051919059,0.9076485938592513,259.6141661964205,1
2026-02-28 07:32:21.179952,pump_01,42.18507245124689,0.2467159955619637,217.41167270787065,0
2026-02-28 07:33:21.179952,pump_01,43.56311155749513,0.13165606507922895,222.08043673574198,0
2026-02-28 07:34:21.179952,pump_01,44.573105696576306,0.18876172990536583,218.8239620802426,0
2026-02-28 07:35:21.179952,pump_01,45.62181513119601,0.14149434869703204,223.17980915213985,0
2026-02-28 07:36:21.179952,pump_01,47.950712433899106,0.10990097812099903,221.8510178487301,0
2026-02-28 07:37:21.179952,pump_01,46.715319246404036,0.2270731364102394,222.05070796960143,0
2026-02-28 07:38:21.179952,pump_01,44.68012294007315,0.23795775801513236,215.9021328663984,0
2026-02-28 07:39:21.179952,pump_01,44.961967584194625,0.17117447996366403,223.6358319561592,0
2026-02-28 07:40:21.179952,pump_01,42.99494127072438,0.07044788539275451,220.78375159370157,0
2026-02-28 07:41:21.179952,pump_01,44.96297372801522,0.17268777758737586,218.89216858226138,0
2026-02-28 07:42:21.179952,pump_01,44.42268272215972,0.21959020027012732,220.43016540202674,0
2026-02-28 07:43:21.179952,pump_01,45.64543712067618,0.12605442156129357,214.67129430130504,0
2026-02-28 07:44:21.179952,pump_01,43.345538112895355,0.2091679959889578,221.22595843444202,0
2026-02-28 07:45:21.179952,pump_01,46.03869302848234,0.19923450754135022,216.91188547545377,0
2026-02-28 07:46:21.179952,pump_01,48.06547782600516,0.22896457498005443,215.9419891424694,0
2026-02-28 07:47:21.179952,pump_01,44.78247970308629,0.20597901842070768,215.43292244134634,0
2026-02-28 07:48:21.179952,pump_01,45.80342344419788,0.15134655295592223,223.33806512496977,0
2026-02-28 07:49:21.179952,pump_01,46.38028798342223,0.2598285750832246,218.11220981892163,0
2026-02-28 07:50:21.179952,pump_01,44.19755905622833,0.19207352134865152,224.6011831297495,0
2026-02-28 07:51:21.179952,pump_01,45.44818496362083,0.1986347730245034,218.3925956108431,0
2026-02-28 07:52:21.179952,pump_01,45.02518480156359,0.1533366020463402,214.87792612722117,0
2026-02-28 07:53:21.179952,pump_01,45.19535219709766,0.1778358874404245,216.65042668015403,0
2026-02-28 07:54:21.179952,pump_01,43.453980432289065,0.15575986429865496,223.7074348600208,0
2026-02-28 07:55:21.179952,pump_01,45.049020348517885,0.19135269700382887,219.53230546619,0
2026-02-28 07:56:21.179952,pump_01,45.995996582490896,0.2855854240071172,218.3551381105282,0
2026-02-28 07:57:21.179952,pump_01,47.902287215590086,0.13140494285343218,220.48005467755837,0
2026-02-28 07:58:21.179952,pump_01,46.91854165217041,0.11932193010616295,221.50534820850262,0
2026-02-28 07:59:21.179952,pump_01,49.30636491502311,0.2735585163746804,223.35219644770737,0
2026-02-28 08:00:21.179952,pump_01,43.465304874223904,0.18953381614240672,224.34549768967878,0
2026-02-28 08:01:21.179952,pump_01,46.74464127344136,0.16654636306700418,218.92069406263275,0
2026-02-28 08:02:21.179952,pump_01,45.36668401147671,0.25199523436980387,216.0218569417539,0
2026-02-28 08:03:21.179952,pump_01,49.37960586643534,0.1697192230131568,218.75960451663016,0
2026-02-28 08:04:21.179952,pump_01,43.3834034292897,0.29130048567734684,220.78084151974866,0
2026-02-28 08:05:21.179952,pump_01,43.32055631563845,0.23389629356696345,217.10872322136817,0
2026-02-28 08:06:21.179952,pump_01,43.80121470911195,0.17560442959271488,217.12854725531488,0
2026-02-28 08:07:21.179952,pump_01,40.752208551380384,0.3078654106632752,221.03136364464964,0
2026-02-28 08:08:21.179952,pump_01,43.948489956638475,0.16971425384983307,219.85404294528865,0
2026-02-28 08:09:21.179952,pump_01,43.48173467689261,0.23710476860046537,220.09839098623476,0
2026-02-28 08:10:21.179952,pump_01,45.300787572952416,0.2149646290203246,217.7245139958998,0
2026-02-28 08:11:21.179952,pump_01,45.683511951554316,0.2650870644699399,219.3087978573827,0
2026-02-28 08:12:21.179952,pump_01,48.752341678431776,0.27807555983634263,217.22730056719507,0
2026-02-28 08:13:21.179952,pump_01,46.9008476763721,0.20160020745328835,222.67059523337437,0
2026-02-28 08:14:21.179952,pump_01,43.846192688675195,0.16232910648269083,223.10574800417126,0
2026-02-28 08:15:21.179952,pump_01,43.20317065730328,0.22299860714695582,214.46143641328572,0
2026-02-28 08:16:21.179952,pump_01,81.10267573506377,1.2841589563065792,187.20383998586445,1
2026-02-28 08:17:21.179952,pump_01,42.359533585958715,0.3006693623763312,215.51041223472976,0
2026-02-28 08:18:21.179952,pump_01,48.66291753170871,0.20682676655413687,218.04992819677932,0
2026-02-28 08:19:21.179952,pump_01,47.35888024144258,0.18173392243439457,219.74968609062893,0
2026-02-28 08:20:21.179952,pump_01,44.06164869579059,0.20923401529324542,215.6510643409044,0
2026-02-28 08:21:21.179952,pump_01,41.57373094181825,0.1326436855235152,217.23442056062407,0
2026-02-28 08:22:21.179952,pump_01,47.707744748330825,0.15141929807446744,216.9881278837555,0
2026-02-28 08:23:21.179952,pump_01,44.77092030949476,0.2600206953972213,220.62180198819684,0
2026-02-28 08:24:21.179952,pump_01,47.47563262394692,0.1671552860514302,220.20803301110874,0
2026-02-28 08:25:21.179952,pump_01,41.81114468241127,0.14765445086590304,217.83478733998825,0
2026-02-28 08:26:21.179952,pump_01,43.801249954092455,0.22683263762636433,220.5304626164182,0
2026-02-28 08:27:21.179952,pump_01,45.010487399436364,0.2592852077331499,218.35995974623822,0
2026-02-28 08:28:21.179952,pump_01,45.09396118752949,0.23594766553325336,219.18503466902183,0
2026-02-28 08:29:21.179952,pump_01,44.09986905704151,0.24980238429029084,225.0203562708956,0
2026-02-28 08:30:21.179952,pump_01,46.245699864695,0.16216024557152697,224.02138315537104,0
2026-02-28 08:31:21.179952,pump_01,42.86475914123481,0.1289094666629078,216.10125628921722,0
2026-02-28 08:32:21.179952,pump_01,44.71524102995741,0.27506668259777434,222.4891972536375,0
2026-02-28 08:33:21.179952,pump_01,45.240591263423795,0.18386600805789322,222.43418966347477,0
2026-02-28 08:34:21.179952,pump_01,46.028877668117495,0.18745834917724763,216.55521013374215,0
2026-02-28 08:35:21.179952,pump_01,46.42322975617778,0.26640970709245293,222.45633293126457,0
2026-02-28 08:36:21.179952,pump_01,42.75071581632426,0.227811500470033,224.61379575523765,0
2026-02-28 08:37:21.179952,pump_01,41.93177165852875,0.2227943886040804,216.63236558126675,0
2026-02-28 08:38:21.179952,pump_01,47.55535364379702,0.30825011724505424,217.2474915369572,0
2026-02-28 08:39:21.179952,pump_01,45.66462802395918,0.16782408848099287,223.0529844005305,0
2026-02-28 08:40:21.179952,pump_01,43.50302692688689,0.24639200640406186,220.81448593247694,0
2026-02-28 08:41:21.179952,pump_01,48.102303951045045,0.20285065624485424,221.65442882571858,0
2026-02-28 08:42:21.179952,pump_01,45.23134926858572,0.21342961394316284,221.02176764920148,0
2026-02-28 08:43:21.179952,pump_01,47.358594368127655,0.2764234213206266,221.17208776278443,0
2026-02-28 08:44:21.179952,pump_01,45.135036962820216,0.22539178781448121,216.02058361506676,0
2026-02-28 08:45:21.179952,pump_01,49.121495849763974,0.22691480395248165,223.14195311986435,0
2026-02-28 08:46:21.179952,pump_01,79.92478443801627,1.120962993530911,256.31375977643376,1
2026-02-28 08:47:21.179952,pump_01,44.50207170304185,0.18175236352285573,219.3118277677959,0
2026-02-28 08:48:21.179952,pump_01,46.94314190190871,0.1580395166330497,219.86956915055842,0
2026-02-28 08:49:21.179952,pump_01,46.290751899170296,0.14775954029894833,215.40667749233285,0
2026-02-28 08:50:21.179952,pump_01,47.7372631150647,0.10168217053119992,221.5427642680535,0
2026-02-28 08:51:21.179952,pump_01,43.070153078839795,0.30281035649701615,221.71617232514242,0
2026-02-28 08:52:21.179952,pump_01,46.37210291999688,0.14483958171391587,219.81342694900206,0
2026-02-28 08:53:21.179952,pump_01,47.11684897369918,0.1889373188207114,223.37306007961152,0
2026-02-28 08:54:21.179952,pump_01,41.48252102715377,0.18615933500555398,218.99776830706017,0
2026-02-28 08:55:21.179952,pump_01,42.63348297466845,0.21537033489045504,221.6938177776808,0
2026-02-28 08:56:21.179952,pump_01,40.921535644479796,0.24078686062696486,216.94100698392364,0
2026-02-28 08:57:21.179952,pump_01,44.46118633111089,0.24302367441798728,219.92934354737727,0
2026-02-28 08:58:21.179952,pump_01,46.435084511591924,0.17084612807155308,219.47693722629148,0
2026-02-28 08:59:21.179952,pump_01,48.004714104192054,0.19164391431067943,220.67592376612282,0
2026-02-28 09:00:21.179952,pump_01,45.14818956083955,0.214128997524415,218.89141921349992,0
2026-02-28 09:01:21.179952,pump_01,48.257231091142586,0.18756544369082265,219.60558221298498,0
2026-02-28 09:02:21.179952,pump_01,42.23979708357022,0.28036727880099965,222.4781415143245,0
2026-02-28 09:03:21.179952,pump_01,41.59323512128969,0.22454874758191257,218.68970728828535,0
2026-02-28 09:04:21.179952,pump_01,44.888904602206765,0.23674388930249088,215.18026869778396,0
2026-02-28 09:05:21.179952,pump_01,45.76813089787861,0.23314406343337066,225.24875171261627,0
2026-02-28 09:06:21.179952,pump_01,44.93461050381181,0.2586736928742663,224.14436223607146,0
2026-02-28 09:07:21.179952,pump_01,40.86511579992025,0.20905107793518535,216.12321191468314,0
2026-02-28 09:08:21.179952,pump_01,44.82175992097442,0.13515840260220768,222.0691234157356,0
2026-02-28 09:09:21.179952,pump_01,42.39106099899029,0.2199843975876321,218.49107568834597,0
2026-02-28 09:10:21.179952,pump_01,86.20322179919405,1.332003881473469,259.8273954091039,1
2026-02-28 09:11:21.179952,pump_01,45.7331964921937,0.17356916591251217,220.8826723870405,0
2026-02-28 09:12:21.179952,pump_01,43.12024042734529,0.22931820093775468,219.29677659905104,0
2026-02-28 09:13:21.179952,pump_01,43.972266165326616,0.2619141535716818,217.6487030032408,0
2026-02-28 09:14:21.179952,pump_01,42.881572956222094,0.2010635788368031,217.9283768430512,0
2026-02-28 09:15:21.179952,pump_01,44.874641805453656,0.2154416506299482,217.25142425355628,0
2026-02-28 09:16:21.179952,pump_01,46.91028464100248,0.2851107472317619,217.50453337530865,0
2026-02-28 09:17:21.179952,pump_01,43.028547907328914,0.21203765897442842,219.79846512985193,0
2026-02-28 09:18:21.179952,pump_01,46.00809303103569,0.3300841557090197,217.85272003266775,0
2026-02-28 09:19:21.179952,pump_01,43.939484763255116,0.22827548228157724,222.04615619713786,0
2026-02-28 09:20:21.179952,pump_01,43.41425433547531,0.11196186204220912,224.46173846600777,0
2026-02-28 09:21:21.179952,pump_01,44.785939280090886,0.23766708105522663,218.25984027588987,0
2026-02-28 09:22:21.179952,pump_01,42.92951535516125,0.2190579192441389,220.71821350160613,0
2026-02-28 09:23:21.179952,pump_01,43.892701389305635,0.2644876377041373,221.4990553309088,0
2026-02-28 09:24:21.179952,pump_01,42.6042442148223,0.23365906756349794,221.41600681275781,0
2026-02-28 09:25:21.179952,pump_01,48.92945026583278,0.1930772008008113,220.22786580374827,0
2026-02-28 09:26:21.179952,pump_01,45.070527103943455,0.13878508818553173,222.22804725507916,0
2026-02-28 09:27:21.179952,pump_01,43.60054898401483,0.18954883713569876,221.44674685804196,0
2026-02-28 09:28:21.179952,pump_01,45.42795982146844,0.157473977289535,216.28701273301812,0
2026-02-28 09:29:21.179952,pump_01,44.77534390061834,0.17097382750976386,222.60746819316782,0
2026-02-28 09:30:21.179952,pump_01,44.55806080093355,0.2294289202210305,222.66187251180023,0
2026-02-28 09:31:21.179952,pump_01,46.22833340008685,0.2834952252175703,217.71014168746424,0
2026-02-28 09:32:21.179952,pump_01,46.51501542009461,0.21973357649114905,220.1138135063428,0
2026-02-28 09:33:21.179952,pump_01,82.98757640473245,0.9625572836309402,252.0424210636843,1
2026-02-28 09:34:21.179952,pump_01,43.84836351871064,0.22223013341100706,219.3720585412619,0
2026-02-28 09:35:21.179952,pump_01,44.449896605696715,0.25983157433228254,223.21893414329804,0
2026-02-28 09:36:21.179952,pump_01,40.39615767052883,0.16951085478403088,227.09161748385807,0
2026-02-28 09:37:21.179952,pump_01,41.96961787560289,0.19329914166635412,217.64204190209506,0
2026-02-28 09:38:21.179952,pump_01,47.73374853488905,0.20073440973645987,215.85686619053868,0
2026-02-28 09:39:21.179952,pump_01,48.28993542700257,0.160755084345888,220.91145578681463,0
2026-02-28 09:40:21.179952,pump_01,44.50192792088724,0.23241402169219297,222.16468751537843,0
2026-02-28 09:41:21.179952,pump_01,46.15311392611153,0.19395259256961092,219.3074008784657,0
2026-02-28 09:42:21.179952,pump_01,45.62250030908707,0.2209766221953514,224.3597819899631,0
2026-02-28 09:43:21.179952,pump_01,51.15776161691048,0.155625391109895,215.98418260083025,0
2026-02-28 09:44:21.179952,pump_01,47.23914982286915,0.17812708498382948,222.07875586909483,0
2026-02-28 09:45:21.179952,pump_01,44.74416481703847,0.2361190678913886,218.18241753772332,0
2026-02-28 09:46:21.179952,pump_01,43.08891911879915,0.18135834239541165,225.15813371862188,0
2026-02-28 09:47:21.179952,pump_01,41.78710735948486,0.28634819256167027,225.97754605950436,0
2026-02-28 09:48:21.179952,pump_01,45.406927271734446,0.1800181907192699,217.70003023664995,0
2026-02-28 09:49:21.179952,pump_01,43.48729850943139,0.2112342362875943,218.35132859227426,0
2026-02-28 09:50:21.179952,pump_01,42.155492580804655,0.24662954159365452,222.57876366093942,0
2026-02-28 09:51:21.179952,pump_01,43.706854231514946,0.12908171335334842,218.83860805063145,0
2026-02-28 09:52:21.179952,pump_01,42.83690399277121,0.11195955940096121,219.86376634620328,0
2026-02-28 09:53:21.179952,pump_01,48.37428327014513,0.12371718427149526,220.07616526162724,0
2026-02-28 09:54:21.179952,pump_01,46.7632795138989,0.2631292051713591,214.24098053140702,0
2026-02-28 09:55:21.179952,pump_01,44.98405471736677,0.17240709270537768,219.9584867617173,0
2026-02-28 09:56:21.179952,pump_01,47.95988827778005,0.3279099642834126,217.93081667780748,0
2026-02-28 09:57:21.179952,pump_01,45.154736615295235,0.17178762006713058,218.52063153280068,0
2026-02-28 09:58:21.179952,pump_01,43.27743159734347,0.20922756515985186,224.33089601040643,0
2026-02-28 09:59:21.179952,pump_01,48.04624815453931,0.2771054976283938,216.23047931716224,0
2026-02-28 10:00:21.179952,pump_01,46.07782008736932,0.3003046444079562,222.43961556024394,0
2026-02-28 10:01:21.179952,pump_01,42.925507691347086,0.3030751788318199,219.16311120900457,0
2026-02-28 10:02:21.179952,pump_01,44.61932264383278,0.2604183115296571,219.1607194945125,0
2026-02-28 10:03:21.179952,pump_01,43.248763493230484,0.2512031262905731,222.37111568815513,0
2026-02-28 10:04:21.179952,pump_01,42.23440053807133,0.22962634746005917,221.02015388370668,0
2026-02-28 10:05:21.179952,pump_01,46.85235509506328,0.2389180538083319,221.7118389916586,0
2026-02-28 10:06:21.179952,pump_01,81.69655622611582,1.4522182823215557,188.61418046095517,1
2026-02-28 10:07:21.179952,pump_01,42.20286485236172,0.15909005582888464,219.00607485045003,0
2026-02-28 10:08:21.179952,pump_01,46.12593847338114,0.1998312771294524,218.16328979647676,0
2026-02-28 10:09:21.179952,pump_01,43.69871486175634,0.1914907688737536,216.7445484203266,0
2026-02-28 10:10:21.179952,pump_01,44.02574923247061,0.17733859753363626,217.52376841006313,0
2026-02-28 10:11:21.179952,pump_01,43.81521215152226,0.2348193723728358,228.84728327592617,0
2026-02-28 10:12:21.179952,pump_01,83.3775306208137,1.0837277524528672,254.18695143327685,1
2026-02-28 10:13:21.179952,pump_01,45.09704325588965,0.20442034431459238,215.94677690137593,0
2026-02-28 10:14:21.179952,pump_01,73.61570301124759,1.2519218039408881,254.15145653992747,1
2026-02-28 10:15:21.179952,pump_01,45.54091365155968,0.14291554429332476,221.44559818515546,0
2026-02-28 10:16:21.179952,pump_01,44.89952378110173,0.1903170270360141,221.6417943921339,0
2026-02-28 10:17:21.179952,pump_01,44.52210390626718,0.16415888396985975,221.6466515059521,0
2026-02-28 10:18:21.179952,pump_01,43.18487267591681,0.106673169146347,219.2351326193389,0
2026-02-28 10:19:21.179952,pump_01,43.84645733886333,0.19586596570786505,219.6236372199913,0
2026-02-28 10:20:21.179952,pump_01,46.510782451651515,0.19391262458083583,220.98363857247807,0
2026-02-28 10:21:21.179952,pump_01,46.00183437524876,0.27567248716210657,220.25767901888,0
2026-02-28 10:22:21.179952,pump_01,43.044889510402896,0.23154058422773888,213.3420988817574,0
2026-02-28 10:23:21.179952,pump_01,45.19866461085845,0.14879065878353975,219.31060110827443,0
2026-02-28 10:24:21.179952,pump_01,46.50277424674358,0.2927046283167094,217.44578069721905,0
2026-02-28 10:25:21.179952,pump_01,41.66118943775726,0.26105168477626767,220.52563425672554,0
2026-02-28 10:26:21.179952,pump_01,46.08672038475987,0.2291048851734308,228.95577700781024,0
2026-02-28 10:27:21.179952,pump_01,43.6747524821083,0.18867579505750842,221.10244499642292,0
2026-02-28 10:28:21.179952,pump_01,46.14119733718632,0.152028038163826,219.0594109414828,0
2026-02-28 10:29:21.179952,pump_01,43.473481686914965,0.18138966119644737,222.76540450593177,0
2026-02-28 10:30:21.179952,pump_01,41.390235798670965,0.2544374309852093,221.44806366162763,0
2026-02-28 10:31:21.179952,pump_01,41.74491512423367,0.29422931529673046,221.26028347135554,0
2026-02-28 10:32:21.179952,pump_01,45.09616989332277,0.27716217641360946,221.82055177964702,0
2026-02-28 10:33:21.179952,pump_01,45.51944500344296,0.1755575289106863,226.16963069448863,0
2026-02-28 10:34:21.179952,pump_01,43.191366749791186,0.14401912833554945,216.60733469402226,0
2026-02-28 10:35:21.179952,pump_01,46.27718491755475,0.2070443123455602,221.42089623043435,0
2026-02-28 10:36:21.179952,pump_01,41.67695987546208,0.11157803172185743,217.2208566100554,0
2026-02-28 10:37:21.179952,pump_01,44.86784040270537,0.2161583857092391,221.66653793902674,0
2026-02-28 10:38:21.179952,pump_01,42.577967600475084,0.19261987068506659,217.24394046554173,0
2026-02-28 10:39:21.179952,pump_01,43.696327784395685,0.1766981749065879,218.74789955918476,0
2026-02-28 10:40:21.179952,pump_01,45.09479734263283,0.12026484663666023,219.11473025728628,0
2026-02-28 10:41:21.179952,pump_01,43.27917326943209,0.22568000532848584,222.92745015803413,0
2026-02-28 10:42:21.179952,pump_01,44.23088891154035,0.17336495801690444,222.75536333182725,0
2026-02-28 10:43:21.179952,pump_01,73.43658920715316,1.2025424014211703,187.09388821824388,1
2026-02-28 10:44:21.179952,pump_01,43.8462162609537,0.05638688933591754,220.16480233299956,0
2026-02-28 10:45:21.179952,pump_01,46.671384224130286,0.1986242547474682,217.87126043575248,0
2026-02-28 10:46:21.179952,pump_01,42.74058629068476,0.2886125798334872,216.224485267974,0
2026-02-28 10:47:21.179952,pump_01,46.05960835583056,0.2830629607273935,219.34894884872688,0
2026-02-28 10:48:21.179952,pump_01,47.8831372413158,0.17714518717068642,219.07455163463254,0
2026-02-28 10:49:21.179952,pump_01,40.05671099974542,0.16988939698191097,227.28014945903658,0
2026-02-28 10:50:21.179952,pump_01,43.406209489059044,0.22343871280375122,221.29887947608208,0
2026-02-28 10:51:21.179952,pump_01,81.98598574012777,1.4529270573422193,258.8638036196014,1
2026-02-28 10:52:21.179952,pump_01,44.59390922791401,0.2150895949909733,218.30567798748717,0
2026-02-28 10:53:21.179952,pump_01,45.742291746742616,0.23830401391923453,223.0641498862882,0
2026-02-28 10:54:21.179952,pump_01,43.79202962656836,0.2613466611942154,226.26532831860976,0
2026-02-28 10:55:21.179952,pump_01,45.1731795749458,0.19499229617600236,215.24205006328611,0
2026-02-28 10:56:21.179952,pump_01,44.68864552921584,0.18981631249115172,214.36022684458285,0
2026-02-28 10:57:21.179952,pump_01,47.335564123319614,0.15610087066217196,225.61289552611535,0
2026-02-28 10:58:21.179952,pump_01,45.50884168660242,0.158655982298007,221.1688425321127,0
2026-02-28 10:59:21.179952,pump_01,45.675205324150404,0.18867605540492366,217.3951218043709,0
2026-02-28 11:00:21.179952,pump_01,44.176246067755066,0.2183682753408089,221.6038872583673,0
2026-02-28 11:01:21.179952,pump_01,44.02478755185501,0.24567923131166247,212.09275678294938,0
2026-02-28 11:02:21.179952,pump_01,44.13488362436076,0.15984105246598276,220.01012651979147,0
2026-02-28 11:03:21.179952,pump_01,45.78890428475659,0.2746344284479761,220.98346351852925,0
2026-02-28 11:04:21.179952,pump_01,44.158031038359475,0.18644381994787157,222.7728104186135,0
2026-02-28 11:05:21.179952,pump_01,45.57954971379283,0.1989316352825782,216.95831214312238,0
2026-02-28 11:06:21.179952,pump_01,49.15080159729088,0.16263941604260884,220.25706148421008,0
2026-02-28 11:07:21.179952,pump_01,46.74224940686339,0.07878798698635292,217.22372612182124,0
2026-02-28 11:08:21.179952,pump_01,44.34795293566432,0.2442022698180525,220.76615126702296,0
2026-02-28 11:09:21.179952,pump_01,47.40242784432789,0.23684219485462168,217.31396103291092,0
2026-02-28 11:10:21.179952,pump_01,44.1838492539569,0.18593362214408934,218.77569748251935,0
2026-02-28 11:11:21.179952,pump_01,40.92375092964429,0.2033495358612436,217.0125538156293,0
2026-02-28 11:12:21.179952,pump_01,42.983827378165195,0.22579696088520498,221.95340872547098,0
2026-02-28 11:13:21.179952,pump_01,41.25841615794829,0.12187270715567287,222.57535334997,0
2026-02-28 11:14:21.179952,pump_01,44.29697303191738,0.17354736613268526,219.29613829012777,0
2026-02-28 11:15:21.179952,pump_01,45.0368367583791,0.23971323398109137,220.1147139848801,0
2026-02-28 11:16:21.179952,pump_01,48.352874624550566,0.13728552884153755,215.65422575609938,0
2026-02-28 11:17:21.179952,pump_01,45.65385474752833,0.21467789660833148,219.10097005597964,0
2026-02-28 11:18:21.179952,pump_01,44.561798942382275,0.13217090976882975,219.84938614887477,0
2026-02-28 11:19:21.179952,pump_01,46.65881116236698,0.22332149912167631,227.8623792730899,0
2026-02-28 11:20:21.179952,pump_01,40.57772938198423,0.19821792588512582,216.6640989226775,0
2026-02-28 11:21:21.179952,pump_01,45.47122911621713,0.11924340920472454,224.3925317162573,0
2026-02-28 11:22:21.179952,pump_01,46.54173038777393,0.2582369677228586,222.99057632039742,0
2026-02-28 11:23:21.179952,pump_01,42.04282750844032,0.16327042116009755,220.84190921347042,0
2026-02-28 11:24:21.179952,pump_01,47.28750808641386,0.15948737814928096,225.2758614525854,0
2026-02-28 11:25:21.179952,pump_01,45.67699281498883,0.21002845986154717,221.1163164178206,0
2026-02-28 11:26:21.179952,pump_01,44.1694241721984,0.25743186747143576,221.1674775870038,0
2026-02-28 11:27:21.179952,pump_01,46.26556373221257,0.14920890905108017,219.84063804094737,0
2026-02-28 11:28:21.179952,pump_01,49.54138571560879,0.20308399249239859,223.67070664725588,0
2026-02-28 11:29:21.179952,pump_01,45.36373251011699,0.22144082501652868,223.28940770143265,0
2026-02-28 11:30:21.179952,pump_01,45.49644117260067,0.23465528036315722,218.12296813751135,0
2026-02-28 11:31:21.179952,pump_01,44.08127820091951,0.20882207776386127,216.0422584162037,0
2026-02-28 11:32:21.179952,pump_01,43.30031126107042,0.18164860804583388,219.39105808781304,0
2026-02-28 11:33:21.179952,pump_01,46.66067163308849,0.15862048896756403,217.59988430680707,0
2026-02-28 11:34:21.179952,pump_01,43.28783234818226,0.20430719415231874,219.80942627615394,0
2026-02-28 11:35:21.179952,pump_01,45.14313247443879,0.14639304940071968,223.71231440405242,0
2026-02-28 11:36:21.179952,pump_01,44.044685106469764,0.05393247582526964,218.62809503473963,0
2026-02-28 11:37:21.179952,pump_01,45.957959651492786,0.2218279902078834,219.87152985606528,0
2026-02-28 11:38:21.179952,pump_01,45.667324210573895,0.24519674205430977,220.1740682044252,0
2026-02-28 11:39:21.179952,pump_01,47.0750798885158,0.08185337822290809,222.54529264661585,0
2026-02-28 11:40:21.179952,pump_01,43.9799672022905,0.14951346476450314,213.25933199804618,0
2026-02-28 11:41:21.179952,pump_01,44.46025012941326,0.23095771305025992,218.1798991157041,0
2026-02-28 11:42:21.179952,pump_01,43.042472568435386,0.30287477348558495,220.63385107683843,0
2026-02-28 11:43:21.179952,pump_01,44.111413479847776,0.2010396853837704,223.6002368692806,0
2026-02-28 11:44:21.179952,pump_01,45.754600986089706,0.1635998529385433,218.5242926574814,0
2026-02-28 11:45:21.179952,pump_01,46.5139772332907,0.190855177944758,214.37034188187437,0
2026-02-28 11:46:21.179952,pump_01,43.15566935164475,0.26874382095740923,221.8591343378984,0
2026-02-28 11:47:21.179952,pump_01,46.73921184021132,0.16770179104377325,218.09391283352312,0
2026-02-28 11:48:21.179952,pump_01,47.7112757176099,0.16004039966748734,216.4310000227289,0
2026-02-28 11:49:21.179952,pump_01,45.826869806447405,0.17586282389089838,218.12696383086032,0
2026-02-28 11:50:21.179952,pump_01,48.75359162511613,0.1523335695870644,219.44642392703244,0
2026-02-28 11:51:21.179952,pump_01,43.45242160179286,0.2061335157997398,218.18576600638536,0
2026-02-28 11:52:21.179952,pump_01,42.51069059337716,0.28123392292347804,213.3833018287028,0
2026-02-28 11:53:21.179952,pump_01,41.44255950219144,0.21615396365580147,222.6911985906614,0
2026-02-28 11:54:21.179952,pump_01,47.992088622978365,0.18738232489368564,223.82462512383617,0
2026-02-28 11:55:21.179952,pump_01,46.30873131270812,0.18540943655422282,221.95456597401852,0
2026-02-28 11:56:21.179952,pump_01,44.88883065817909,0.12184045956516715,216.58694298872555,0
2026-02-28 11:57:21.179952,pump_01,45.55993725263964,0.24415548885735797,219.39552539815745,0
2026-02-28 11:58:21.179952,pump_01,42.74902190540325,0.1961081401493599,219.98043605431164,0
2026-02-28 11:59:21.179952,pump_01,49.89150395923365,0.19097600432046874,221.79638316868574,0
2026-02-28 12:00:21.179952,pump_01,45.25844236395046,0.35965537839224304,222.00502146615423,0
2026-02-28 12:01:21.179952,pump_01,45.218789589209784,0.21493764541828433,217.7974786036645,0
2026-02-28 12:02:21.179952,pump_01,46.451533247797386,0.1624104474952408,220.2459866692407,0
2026-02-28 12:03:21.179952,pump_01,45.96201846347343,0.17868212018972285,221.37184121384573,0
2026-02-28 12:04:21.179952,pump_01,45.44776804855826,0.25742228545983775,224.3674669664403,0
2026-02-28 12:05:21.179952,pump_01,43.419051089109374,0.20566352052688824,222.11351961947418,0
2026-02-28 12:06:21.179952,pump_01,45.942936714271994,0.12808610108413165,222.36717006212655,0
2026-02-28 12:07:21.179952,pump_01,48.764048992950066,0.2459614467287602,220.25147988378808,0
2026-02-28 12:08:21.179952,pump_01,47.690840092309955,0.1665927957230503,224.2313774356105,0
2026-02-28 12:09:21.179952,pump_01,48.186373253278795,0.29366488881087727,221.22928838787848,0
2026-02-28 12:10:21.179952,pump_01,43.97756864713763,0.2540024032857324,217.4167362694793,0
2026-02-28 12:11:21.179952,pump_01,43.02079035948284,0.17763390521706246,224.21010991037556,0
2026-02-28 12:12:21.179952,pump_01,44.7484261598007,0.2640508180867557,222.09370981761708,0
2026-02-28 12:13:21.179952,pump_01,45.11144982457739,0.20339277552637017,218.67086793661454,0
2026-02-28 12:14:21.179952,pump_01,47.1883830369419,0.24263868375611097,218.56152109780226,0
2026-02-28 12:15:21.179952,pump_01,41.61507074057036,0.22423664086472375,220.88972663542228,0
2026-02-28 12:16:21.179952,pump_01,48.05910063892123,0.15768216725045633,221.38955438580277,0
2026-02-28 12:17:21.179952,pump_01,44.68398420284202,0.1678225083841269,220.59187679689362,0
2026-02-28 12:18:21.179952,pump_01,44.14623786010516,0.2514980408790581,220.93392602032864,0
2026-02-28 12:19:21.179952,pump_01,42.97579124947966,0.18326123339467296,225.09987212372914,0
2026-02-28 12:20:21.179952,pump_01,41.69028665626846,0.17981757683790017,223.21462945670467,0
2026-02-28 12:21:21.179952,pump_01,46.64634116792383,0.15224387103253237,220.57190677379506,0
2026-02-28 12:22:21.179952,pump_01,45.14663593437681,0.22117995327967307,222.82393174230245,0
2026-02-28 12:23:21.179952,pump_01,42.42007820051789,0.30312624596215726,216.90242828941737,0
2026-02-28 12:24:21.179952,pump_01,42.40984245587277,0.14662335428728637,221.19378114984042,0
2026-02-28 12:25:21.179952,pump_01,44.32843060141975,0.20121097283363792,225.42791904919932,0
2026-02-28 12:26:21.179952,pump_01,48.33804305057878,0.2706110277707715,219.3458623138229,0
2026-02-28 12:27:21.179952,pump_01,44.48081729727279,0.19601793043771426,217.45709821414275,0
2026-02-28 12:28:21.179952,pump_01,41.993714093763785,0.22261858981248672,218.04373333422083,0
2026-02-28 12:29:21.179952,pump_01,44.508513871828114,0.14688032359265601,216.73110088797284,0
2026-02-28 12:30:21.179952,pump_01,44.454552860504656,0.22141535486038244,217.64571427561688,0
2026-02-28 12:31:21.179952,pump_01,39.60622671411686,0.19064278674977259,218.8884757042299,0
2026-02-28 12:32:21.179952,pump_01,44.89141026696438,0.24928649978399317,215.78329894246409,0
2026-02-28 12:33:21.179952,pump_01,44.53813093958264,0.2593693025782376,220.0468550018488,0
2026-02-28 12:34:21.179952,pump_01,46.392412729626834,0.3294781821009307,222.70683152135993,0
2026-02-28 12:35:21.179952,pump_01,48.69791218989069,0.2289816586606788,217.27673145955924,0
2026-02-28 12:36:21.179952,pump_01,47.25313005909551,0.21628981582910833,224.5578517709253,0
2026-02-28 12:37:21.179952,pump_01,44.46222261889034,0.20971921507886682,221.5323762655828,0
2026-02-28 12:38:21.179952,pump_01,42.78694818251666,0.1823416853594656,223.09174175687218,0
2026-02-28 12:39:21.179952,pump_01,50.14671960649972,0.21692419217308456,218.0264963384436,0
2026-02-28 12:40:21.179952,pump_01,45.11843686802898,0.18522992949304853,222.56357568119984,0
2026-02-28 12:41:21.179952,pump_01,45.02785858382589,0.20842304881348073,216.72419829881406,0
2026-02-28 12:42:21.179952,pump_01,44.95174982577999,0.265879876780398,222.67074250250954,0
2026-02-28 12:43:21.179952,pump_01,45.39616952153571,0.14967287173601795,220.5155180193806,0
2026-02-28 12:44:21.179952,pump_01,44.71127917615212,0.25699392805645227,221.65975365995436,0
2026-02-28 12:45:21.179952,pump_01,43.852675986239525,0.2658557533669933,216.47321618312546,0
2026-02-28 12:46:21.179952,pump_01,43.90628211751922,0.19409657365044608,217.31479047317018,0
2026-02-28 12:47:21.179952,pump_01,44.934493459568,0.09390725504957027,221.79168465476016,0
2026-02-28 12:48:21.179952,pump_01,43.91315045773247,0.1696089006452784,217.1549559873274,0
2026-02-28 12:49:21.179952,pump_01,43.57430843464567,0.26484972732805545,221.38961887629736,0
2026-02-28 12:50:21.179952,pump_01,45.21286045538379,0.19885659688505591,215.89858658061925,0
2026-02-28 12:51:21.179952,pump_01,44.49004556515829,0.15003488838525447,222.54452263800002,0
2026-02-28 12:52:21.179952,pump_01,48.007985977165376,0.17476125393858913,216.3024300556945,0
2026-02-28 12:53:21.179952,pump_01,39.69806038321398,0.24203100132522767,221.65689981303856,0
2026-02-28 12:54:21.179952,pump_01,47.18301370384492,0.227336678410069,221.876892800938,0
2026-02-28 12:55:21.179952,pump_01,47.492170384995255,0.1880533950415153,217.90968454471127,0
2026-02-28 12:56:21.179952,pump_01,40.8532195351837,0.18165877940926564,221.7460797012542,0
2026-02-28 12:57:21.179952,pump_01,44.3146248118393,0.1804120925478089,220.78132679000066,0
2026-02-28 12:58:21.179952,pump_01,44.25711826800842,0.15387949077507487,218.38347443142177,0
2026-02-28 12:59:21.179952,pump_01,42.184976610564355,0.2807687844734721,216.97433594777138,0
2026-02-28 13:00:21.179952,pump_01,43.44436662481825,0.183883976539433,214.11212292498226,0
2026-02-28 13:01:21.179952,pump_01,42.778848309068344,0.26085792604127483,221.04895014189907,0
2026-02-28 13:02:21.179952,pump_01,48.504540886847245,0.27606580259612257,215.30559168591384,0
2026-02-28 13:03:21.179952,pump_01,46.871356786294925,0.24991554490739804,220.2860325983239,0
2026-02-28 13:04:21.179952,pump_01,47.54311018998832,0.1784189843640976,219.20965535175324,0
2026-02-28 13:05:21.179952,pump_01,46.44334412808647,0.22018650451683047,222.0374283263146,0
2026-02-28 13:06:21.179952,pump_01,42.741896457565545,0.1987902196804542,219.09386350153042,0
2026-02-28 13:07:21.179952,pump_01,43.950959467440455,0.1548149069634936,219.01165664095873,0
2026-02-28 13:08:21.179952,pump_01,45.97874912245584,0.21621796408608016,222.1956121128649,0
2026-02-28 13:09:21.179952,pump_01,42.55574438221611,0.14104801044200987,221.00517408725236,0
2026-02-28 13:10:21.179952,pump_01,46.425996860344775,0.2593839694230782,220.94846787154833,0
2026-02-28 13:11:21.179952,pump_01,44.51934920368373,0.17676913513508036,221.4078027694256,0
2026-02-28 13:12:21.179952,pump_01,44.25035838490081,0.21005798279364196,215.39328363037868,0
2026-02-28 13:13:21.179952,pump_01,70.2772427182572,1.321650319883584,250.54732706924986,1
2026-02-28 13:14:21.179952,pump_01,45.88852662297208,0.18705475131479615,221.8374063820408,0
2026-02-28 13:15:21.179952,pump_01,44.27806766836184,0.22933469007376375,216.9499506142705,0
2026-02-28 13:16:21.179952,pump_01,47.318659606728495,0.17625481716887378,219.2677585789774,0
2026-02-28 13:17:21.179952,pump_01,71.82843983634277,1.4158266816060405,186.6231373873072,1
2026-02-28 13:18:21.179952,pump_01,46.231871213888525,0.1327010159876626,219.5965096467948,0
2026-02-28 13:19:21.179952,pump_01,46.18620251593677,0.2063189789773206,221.0015798997056,0
2026-02-28 13:20:21.179952,pump_01,44.38090712137202,0.29694644995291425,224.29410034549355,0
2026-02-28 13:21:21.179952,pump_01,45.652266044484236,0.14998343376972129,223.2453001830185,0
2026-02-28 13:22:21.179952,pump_01,42.49777284722939,0.16611275147375743,216.06334241970578,0
2026-02-28 13:23:21.179952,pump_01,46.8480540384138,0.22569539248294576,221.86620997091813,0
2026-02-28 13:24:21.179952,pump_01,44.63019572711402,0.2089790890969799,223.98679995860624,0
2026-02-28 13:25:21.179952,pump_01,43.954553958961924,0.21753150496367796,221.16042556206762,0
2026-02-28 13:26:21.179952,pump_01,47.09801845167378,0.2244593565073832,223.2729412755579,0
2026-02-28 13:27:21.179952,pump_01,43.59131261891448,0.2317360734280885,226.0368113371023,0
2026-02-28 13:28:21.179952,pump_01,42.18307740727288,0.25548499209781117,223.07112863832094,0
2026-02-28 13:29:21.179952,pump_01,41.886741652952196,0.22049093284642562,220.74792578692518,0
2026-02-28 13:30:21.179952,pump_01,46.21201990269128,0.1879371172690729,223.13526542225426,0
2026-02-28 13:31:21.179952,pump_01,42.43914129500743,0.23362868506013656,220.43466349929068,0
2026-02-28 13:32:21.179952,pump_01,88.26082933779712,0.9467831942011407,256.6314624897521,1
2026-02-28 13:33:21.179952,pump_01,40.83614118423256,0.19336831268087135,218.94575729285881,0
2026-02-28 13:34:21.179952,pump_01,48.39291273658008,0.15127353476646793,224.69024007649634,0
2026-02-28 13:35:21.179952,pump_01,45.42203493440524,0.25535403346434865,217.544714002174,0
2026-02-28 13:36:21.179952,pump_01,44.806573776259214,0.1939809418023201,224.59710317403434,0
2026-02-28 13:37:21.179952,pump_01,43.9101618263821,0.0913665226992982,221.49959237122113,0
2026-02-28 13:38:21.179952,pump_01,45.79827222870414,0.2423710838575211,215.80208147559418,0
2026-02-28 13:39:21.179952,pump_01,44.9247305951503,0.17323359070230387,221.10294787897428,0
2026-02-28 13:40:21.179952,pump_01,47.20660376403304,0.19547333588479196,213.69992047704514,0
2026-02-28 13:41:21.179952,pump_01,45.22845529732408,0.21659901652845073,221.87652405049312,0
2026-02-28 13:42:21.179952,pump_01,45.30060352292376,0.20952498398895333,222.65569444896698,0
2026-02-28 13:43:21.179952,pump_01,44.27277557557229,0.235472590856952,218.22293213304383,0
2026-02-28 13:44:21.179952,pump_01,44.88610875255787,0.17822568147150786,220.37064308786674,0
2026-02-28 13:45:21.179952,pump_01,45.61560353778412,0.22565528990880415,225.86247230125085,0
2026-02-28 13:46:21.179952,pump_01,41.57966321468675,0.18702266612080415,218.4827598872142,0
2026-02-28 13:47:21.179952,pump_01,42.30362915578857,0.23694052404437516,216.8232772388302,0
2026-02-28 13:48:21.179952,pump_01,46.48652818804543,0.2307683742006527,224.4449902073878,0
2026-02-28 13:49:21.179952,pump_01,74.93714055191465,1.347323639097823,251.9571264009965,1
2026-02-28 13:50:21.179952,pump_01,44.63203332729464,0.25429910580875165,220.01108701554355,0
2026-02-28 13:51:21.179952,pump_01,45.036867866130784,0.1732018277442976,223.03438910622506,0
2026-02-28 13:52:21.179952,pump_01,45.69516341072334,0.24040288991405728,224.02442774659264,0
2026-02-28 13:53:21.179952,pump_01,43.920480639381275,0.21836436567006703,217.77254730238485,0
2026-02-28 13:54:21.179952,pump_01,43.44339054919538,0.29190918383975617,218.54408249389638,0
2026-02-28 13:55:21.179952,pump_01,45.39169051019536,0.1888267008814074,223.6926235394642,0
2026-02-28 13:56:21.179952,pump_01,43.043254444769936,0.18253416019409013,225.05504283612552,0
2026-02-28 13:57:21.179952,pump_01,45.81650551142894,0.19902901970561337,221.68864258052307,0
2026-02-28 13:58:21.179952,pump_01,41.59483279152432,0.18484101085828625,217.36055693949385,0
2026-02-28 13:59:21.179952,pump_01,47.05831127465129,0.23999709509710251,225.96118333509833,0
2026-02-28 14:00:21.179952,pump_01,45.94519496482609,0.11918446957817061,218.4070873065641,0
2026-02-28 14:01:21.179952,pump_01,45.512059468627754,0.1473158790426823,218.99458665648564,0
2026-02-28 14:02:21.179952,pump_01,46.96538196789103,0.14660985392104037,221.02701350346885,0
2026-02-28 14:03:21.179952,pump_01,79.43298981501191,1.0010548464436055,183.2882261784861,1
2026-02-28 14:04:21.179952,pump_01,47.02874013003626,0.28553066862909626,222.56192792965666,0
2026-02-28 14:05:21.179952,pump_01,41.31825153733671,0.19477753907312645,221.24459650108574,0
2026-02-28 14:06:21.179952,pump_01,42.4408460665286,0.19155891384049947,221.3898655903543,0
2026-02-28 14:07:21.179952,pump_01,86.2373224802076,1.2516530030912647,183.6298284040387,1
2026-02-28 14:08:21.179952,pump_01,45.05218210042167,0.2580939151304095,221.67441854355553,0
2026-02-28 14:09:21.179952,pump_01,70.45129023410695,1.4013782303528415,187.05040906353594,1
2026-02-28 14:10:21.179952,pump_01,43.54851237369307,0.21191844913673927,219.11017762279062,0
2026-02-28 14:11:21.179952,pump_01,45.373533528954155,0.2487598814891215,220.72396580475035,0
2026-02-28 14:12:21.179952,pump_01,78.52999494483723,1.075488735274421,186.0431298224032,1
2026-02-28 14:13:21.179952,pump_01,73.97289153794812,1.0123698805403933,257.8506392104643,1
2026-02-28 14:14:21.179952,pump_01,42.18667780630356,0.2500523046283571,219.38658633704165,0
2026-02-28 14:15:21.179952,pump_01,43.15353350777819,0.06483838535003814,225.26642709494647,0
2026-02-28 14:16:21.179952,pump_01,42.29663078876733,0.2338937659765454,224.71905917564456,0
2026-02-28 14:17:21.179952,pump_01,43.04825349404533,0.1672962158436288,218.6025832926455,0
2026-02-28 14:18:21.179952,pump_01,47.107283593215676,0.10846835515717716,219.5474868652999,0
2026-02-28 14:19:21.179952,pump_01,43.10120222233611,0.22556012997624905,219.77815730317482,0
2026-02-28 14:20:21.179952,pump_01,50.26476412967478,0.2686829272581479,218.64502157152114,0
2026-02-28 14:21:21.179952,pump_01,45.98663580176178,0.19312757426861543,220.58507495208437,0
2026-02-28 14:22:21.179952,pump_01,45.36967224738975,0.24764372736014695,217.72515379333723,0
2026-02-28 14:23:21.179952,pump_01,43.283284439637576,0.28061391289943227,216.60815399518742,0
2026-02-28 14:24:21.179952,pump_01,46.40061975881798,0.2657457226792024,221.8681336717008,0
2026-02-28 14:25:21.179952,pump_01,43.84872434752445,0.28199822646856965,221.88858875266544,0
2026-02-28 14:26:21.179952,pump_01,45.244019629290726,0.23710637455359462,217.58705272102003,0
2026-02-28 14:27:21.179952,pump_01,50.12016907653759,0.20377168194507966,222.6860662922878,0
2026-02-28 14:28:21.179952,pump_01,44.8078802005507,0.11990170940514158,218.105266812504,0
2026-02-28 14:29:21.179952,pump_01,84.6921660142107,1.2641190426062032,183.1206404465202,1
2026-02-28 14:30:21.179952,pump_01,43.59364714974822,0.15783767023419043,222.46103203783736,0
2026-02-28 14:31:21.179952,pump_01,44.93002301900608,0.3085471358748907,219.89916230588886,0
2026-02-28 14:32:21.179952,pump_01,48.54160127127102,0.1912057093783832,221.36422273642341,0
2026-02-28 14:33:21.179952,pump_01,43.74606588442447,0.20616024033922428,218.45071106833728,0
2026-02-28 14:34:21.179952,pump_01,48.62489711599386,0.2275742688020234,219.4106002497157,0
2026-02-28 14:35:21.179952,pump_01,46.41550387091095,0.2021801223186227,219.382421707359,0
2026-02-28 14:36:21.179952,pump_01,87.9314931693802,0.954455741735224,253.44091617849443,1
2026-02-28 14:37:21.179952,pump_01,46.26481547811104,0.1688675319132774,219.46967751065264,0
2026-02-28 14:38:21.179952,pump_01,46.94510889925346,0.20973037276186215,215.35414510340877,0
2026-02-28 14:39:21.179952,pump_01,46.24361992443439,0.1628764707150976,218.52653875857368,0
2026-02-28 14:40:21.179952,pump_01,41.859550560219084,0.13399887443896472,219.145373519891,0
2026-02-28 14:41:21.179952,pump_01,43.54572564835026,0.16941154545473575,219.23146074251386,0
2026-02-28 14:42:21.179952,pump_01,44.50496272889699,0.1981481601475794,219.27550766238767,0
2026-02-28 14:43:21.179952,pump_01,44.851133141799906,0.178534888774137,219.81470740041962,0
2026-02-28 14:44:21.179952,pump_01,46.241344195101355,0.1653789510063072,221.4383245542582,0
2026-02-28 14:45:21.179952,pump_01,45.35540200186651,0.1296841268164083,222.62355122239757,0
2026-02-28 14:46:21.179952,pump_01,42.329311282579795,0.19584472136856526,218.0507043194552,0
2026-02-28 14:47:21.179952,pump_01,45.76039570201193,0.1247639812984499,216.39039743383256,0
2026-02-28 14:48:21.179952,pump_01,46.22117149056765,0.23800279818448014,216.87386676327068,0
2026-02-28 14:49:21.179952,pump_01,46.11958089586208,0.20412198764672518,218.5383912364152,0
2026-02-28 14:50:21.179952,pump_01,47.16156145110924,0.12712242502675347,218.9442360465505,0
2026-02-28 14:51:21.179952,pump_01,46.66784430909781,0.18453954614750684,217.69001180140762,0
2026-02-28 14:52:21.179952,pump_01,45.91836015845687,0.16239217972047085,216.11165000725032,0
2026-02-28 14:53:21.179952,pump_01,44.85966857708271,0.21595872552095904,218.63163751757745,0
2026-02-28 14:54:21.179952,pump_01,41.67807813296802,0.26702252230115725,220.5442798603419,0
2026-02-28 14:55:21.179952,pump_01,45.85923643826517,0.10624137651771277,221.78508839750668,0
2026-02-28 14:56:21.179952,pump_01,45.415375374326224,0.20575130395737087,218.32773084067503,0
2026-02-28 14:57:21.179952,pump_01,81.54234164775814,1.2724252421379083,186.7772324120132,1
2026-02-28 14:58:21.179952,pump_01,42.44650284835938,0.2335670038225233,217.21990507345808,0
2026-02-28 14:59:21.179952,pump_01,42.837886919183475,0.21065983141188446,219.90568248887567,0
2026-02-28 15:00:21.179952,pump_01,47.10630570666581,0.16240153341305905,217.45471409742757,0
2026-02-28 15:01:21.179952,pump_01,44.92088969228669,0.1840473032166691,221.7193834397236,0
2026-02-28 15:02:21.179952,pump_01,46.36300139474525,0.16019870715982557,214.64240052419765,0
2026-02-28 15:03:21.179952,pump_01,45.05663675226092,0.2538003569299299,218.9211109826426,0
2026-02-28 15:04:21.179952,pump_01,45.05951227899149,0.20106558243359712,220.90332201757522,0
2026-02-28 15:05:21.179952,pump_01,46.876567611952,0.2950595342876504,220.5515035489675,0
2026-02-28 15:06:21.179952,pump_01,43.96791054356525,0.19696695930926897,228.0791009919415,0
2026-02-28 15:07:21.179952,pump_01,45.19224155388196,0.16457966165447688,221.04940007370374,0
2026-02-28 15:08:21.179952,pump_01,44.07544942258991,0.12431428036935865,216.98783620947398,0
2026-02-28 15:09:21.179952,pump_01,44.13100754513537,0.10984301618720275,219.7136072587328,0
2026-02-28 15:10:21.179952,pump_01,44.381655753062724,0.12079320284972551,214.67126099960063,0
2026-02-28 15:11:21.179952,pump_01,45.44426754326743,0.21335633255057418,219.75820075210973,0
2026-02-28 15:12:21.179952,pump_01,44.042502756673045,0.2254362511614967,217.50083182899772,0
2026-02-28 15:13:21.179952,pump_01,47.51151225114704,0.12094046489839333,222.7461708266805,0
2026-02-28 15:14:21.179952,pump_01,43.21078539556099,0.24475191570380578,218.35137917621338,0
2026-02-28 15:15:21.179952,pump_01,44.62625671167728,0.17584694741582804,219.64970225261425,0
2026-02-28 15:16:21.179952,pump_01,44.12053788345165,0.20733965059927748,218.0933264757868,0
2026-02-28 15:17:21.179952,pump_01,47.893955768707464,0.2806110314127712,225.21655405555998,0
2026-02-28 15:18:21.179952,pump_01,45.39310955302315,0.2448419657932766,219.03627170164626,0
2026-02-28 15:19:21.179952,pump_01,47.06368907893727,0.1865734676047084,225.4976711304376,0
2026-02-28 15:20:21.179952,pump_01,42.02887925392606,0.15544038872923563,222.4424552863548,0
2026-02-28 15:21:21.179952,pump_01,45.53410053173852,0.09240922993353476,221.44620018200615,0
2026-02-28 15:22:21.179952,pump_01,46.77926159124687,0.164042334037879,221.10619944195255,0
2026-02-28 15:23:21.179952,pump_01,45.16456797855085,0.1894434880586153,221.18139189464875,0
2026-02-28 15:24:21.179952,pump_01,47.130960750130704,0.1506410236424408,214.21698226196318,0
2026-02-28 15:25:21.179952,pump_01,43.96542309979925,0.19343715164538478,219.16334981754773,0
2026-02-28 15:26:21.179952,pump_01,47.81869488037116,0.20384259414793843,222.53547391355298,0
2026-02-28 15:27:21.179952,pump_01,49.5977962472385,0.18875720090959608,219.8533084495777,0
2026-02-28 15:28:21.179952,pump_01,44.27432287912068,0.167499870958827,215.7844304595893,0
2026-02-28 15:29:21.179952,pump_01,44.108994957198455,0.2084327335983364,219.8427866482676,0
2026-02-28 15:30:21.179952,pump_01,47.9067689542354,0.22209703247847046,225.11231654876647,0
2026-02-28 15:31:21.179952,pump_01,48.15914429146142,0.1454800461278577,223.74067514660416,0
2026-02-28 15:32:21.179952,pump_01,43.954279945693465,0.2705466189873135,219.8139879719019,0
2026-02-28 15:33:21.179952,pump_01,44.159626365808286,0.19507059338578692,222.85434783117427,0
2026-02-28 15:34:21.179952,pump_01,44.43643078227898,0.2009424811472424,218.90047893889584,0
2026-02-28 15:35:21.179952,pump_01,42.311098977931444,0.23541072116282788,214.88838523951983,0
2026-02-28 15:36:21.179952,pump_01,43.16269610703161,0.2116608065631751,217.22660203561134,0
2026-02-28 15:37:21.179952,pump_01,42.99171846649586,0.24765683169566227,224.6886663055246,0
2026-02-28 15:38:21.179952,pump_01,43.46440486979174,0.21435620826009122,219.1780207545121,0
2026-02-28 15:39:21.179952,pump_01,44.93063022522644,0.16937813126797813,219.26984806187494,0
2026-02-28 15:40:21.179952,pump_01,45.468429465073044,0.2180751762603051,219.10048541117536,0
2026-02-28 15:41:21.179952,pump_01,48.101000985628154,0.14281368963396693,225.71240976871903,0
2026-02-28 15:42:21.179952,pump_01,43.00329191852242,0.20542798528882616,224.8778767460862,0
2026-02-28 15:43:21.179952,pump_01,46.968644796953164,0.19833850046777698,226.6563407003444,0
2026-02-28 15:44:21.179952,pump_01,44.572022311548984,0.18959415713637304,219.52286436879984,0
2026-02-28 15:45:21.179952,pump_01,44.901072580695136,0.19357312442805347,220.8868734662413,0
2026-02-28 15:46:21.179952,pump_01,46.34963898433321,0.10590754772511805,215.45007235173762,0
2026-02-28 15:47:21.179952,pump_01,42.7545559568754,0.17256375461295193,224.43080327835483,0
2026-02-28 15:48:21.179952,pump_01,45.764819492368105,0.20464224505705575,216.4966613461962,0
2026-02-28 15:49:21.179952,pump_01,45.33290441642611,0.20799281959987004,220.6503266912879,0
2026-02-28 15:50:21.179952,pump_01,45.9849025280163,0.1486162429537021,216.70809241710145,0
2026-02-28 15:51:21.179952,pump_01,45.578337287815636,0.26328539204323503,218.23339951978392,0
2026-02-28 15:52:21.179952,pump_01,49.910600279821786,0.15669125758927496,217.4882127068509,0
2026-02-28 15:53:21.179952,pump_01,43.72452003149737,0.24847286002633684,218.17637421797255,0
2026-02-28 15:54:21.179952,pump_01,43.938006089996364,0.22135971809358426,218.38263189055306,0
2026-02-28 15:55:21.179952,pump_01,43.753718947150475,0.16768863450780985,218.35519361522478,0
2026-02-28 15:56:21.179952,pump_01,43.88904576167949,0.2887655446304756,222.50000173534093,0
2026-02-28 15:57:21.179952,pump_01,43.725225745386965,0.14031815841217601,216.68541162081243,0
2026-02-28 15:58:21.179952,pump_01,47.3780330622151,0.2459577086805001,220.6616242810416,0
2026-02-28 15:59:21.179952,pump_01,47.84100849597971,0.25002911590214894,223.6538774569167,0
2026-02-28 16:00:21.179952,pump_01,43.85850741250105,0.16646898954616776,218.4604109064598,0
2026-02-28 16:01:21.179952,pump_01,43.33528885379154,0.26962326500321643,217.8462433277572,0
2026-02-28 16:02:21.179952,pump_01,45.94283111277281,0.18749767427005237,219.30842612445926,0
2026-02-28 16:03:21.179952,pump_01,43.89555391143806,0.21443468146399286,223.53917562508212,0
2026-02-28 16:04:21.179952,pump_01,46.265863635511025,0.21301609193856105,220.58232289286008,0
2026-02-28 16:05:21.179952,pump_01,45.4058460417026,0.19328456292647261,218.40635711617722,0
2026-02-28 16:06:21.179952,pump_01,41.968511770005534,0.24054041365798912,221.45162995356412,0
2026-02-28 16:07:21.179952,pump_01,48.09501040266012,0.23967443602761065,216.69312355049072,0
2026-02-28 16:08:21.179952,pump_01,48.59175534619104,0.11257340133809096,222.04407853132884,0
2026-02-28 16:09:21.179952,pump_01,43.77442261903123,0.26521701214390764,221.22582192310531,0
2026-02-28 16:10:21.179952,pump_01,44.22459688012803,0.11687540059821629,219.07657458658335,0
2026-02-28 16:11:21.179952,pump_01,45.57173078144981,0.2516273102170829,217.4842426046583,0
2026-02-28 16:12:21.179952,pump_01,45.66891357997405,0.2563352568413792,217.33995723314962,0
2026-02-28 16:13:21.179952,pump_01,46.31708854534566,0.1454516784892401,221.60445200903774,0
2026-02-28 16:14:21.179952,pump_01,49.0204090775327,0.17945928560227076,223.6869415074672,0
2026-02-28 16:15:21.179952,pump_01,44.6461055450119,0.14471476657570323,218.08807675891362,0
2026-02-28 16:16:21.179952,pump_01,43.40340551092309,0.18925394848556323,221.37516011065446,0
2026-02-28 16:17:21.179952,pump_01,78.59346726710297,1.01881861743581,180.5363479152083,1
2026-02-28 16:18:21.179952,pump_01,43.53813992011616,0.23898302661346701,218.2461468080284,0
2026-02-28 16:19:21.179952,pump_01,44.9337460542524,0.26551543730598043,219.90682320138728,0
2026-02-28 16:20:21.179952,pump_01,48.589115727035576,0.2697841905394978,217.2709497490545,0
2026-02-28 16:21:21.179952,pump_01,43.964777401927655,0.1718915986710849,217.1904808756312,0
2026-02-28 16:22:21.179952,pump_01,45.447575903277794,0.18953890631277362,217.99666133059335,0
2026-02-28 16:23:21.179952,pump_01,44.9671542078545,0.11582809038895249,220.8765781849791,0
2026-02-28 16:24:21.179952,pump_01,47.37678654689617,0.15970649667519057,219.43801294478087,0
2026-02-28 16:25:21.179952,pump_01,50.05386485174724,0.2482425816548729,213.28530630002507,0
2026-02-28 16:26:21.179952,pump_01,43.93826245415936,0.2807791411774116,213.6378995420948,0
2026-02-28 16:27:21.179952,pump_01,44.021121114963556,0.1382825564060039,218.17940446642848,0
2026-02-28 16:28:21.179952,pump_01,47.08832175413814,0.1703767870423553,221.37305975816065,0
2026-02-28 16:29:21.179952,pump_01,46.363782979252626,0.19867971215205366,211.75748547182428,0
2026-02-28 16:30:21.179952,pump_01,48.69341465147207,0.21400805794098035,218.5008094715451,0
2026-02-28 16:31:21.179952,pump_01,46.167856370651926,0.1595198240039177,218.42125643044773,0
2026-02-28 16:32:21.179952,pump_01,44.281415818425884,0.2212030522232045,224.16501333462534,0
2026-02-28 16:33:21.179952,pump_01,46.18130966138462,0.1763080326464542,218.8449345648614,0
2026-02-28 16:34:21.179952,pump_01,47.217407161165816,0.19927738645608606,221.14896695422277,0
2026-02-28 16:35:21.179952,pump_01,87.23329769398202,1.1500407814337608,258.79914626727015,1
2026-02-28 16:36:21.179952,pump_01,46.014548062214594,0.2003211134905469,213.60830056057839,0
2026-02-28 16:37:21.179952,pump_01,47.133349379178306,0.17818070547367157,222.3046216498952,0
2026-02-28 16:38:21.179952,pump_01,47.33859118089134,0.19451950980370847,220.64618951636885,0
2026-02-28 16:39:21.179952,pump_01,47.764317982075056,0.19558185203973324,221.52480591902378,0
2026-02-28 16:40:21.179952,pump_01,46.297419775179286,0.1814994485058936,231.77871311930897,0
2026-02-28 16:41:21.179952,pump_01,44.66576383936629,0.18706019686664488,213.74766118150424,0
2026-02-28 16:42:21.179952,pump_01,87.81316910923685,0.9673464688525208,182.52314736135153,1
2026-02-28 16:43:21.179952,pump_01,47.41301793301671,0.22804597239706195,219.13765744179892,0
2026-02-28 16:44:21.179952,pump_01,43.36612865802553,0.185225984098542,220.86198671320903,0
2026-02-28 16:45:21.179952,pump_01,45.7373466177458,0.2348477202255368,219.86346326409628,0
2026-02-28 16:46:21.179952,pump_01,44.21332237534528,0.18330902551219952,218.72729099980586,0
2026-02-28 16:47:21.179952,pump_01,45.05748964586964,0.25865623187933207,218.2905012152837,0
2026-02-28 16:48:21.179952,pump_01,47.556903725214596,0.21848210960990472,220.98852620671903,0
2026-02-28 16:49:21.179952,pump_01,45.382198136039804,0.19463489279978857,215.44847890998497,0
2026-02-28 16:50:21.179952,pump_01,45.092873096312296,0.2223858462905139,222.2517375025653,0
2026-02-28 16:51:21.179952,pump_01,42.280287718040164,0.12145619239657504,218.75141678534425,0
2026-02-28 16:52:21.179952,pump_01,46.49250713205444,0.14366162655450976,216.60979198287893,0
2026-02-28 16:53:21.179952,pump_01,46.29096836228215,0.14030374968004725,218.64996142601257,0
2026-02-28 16:54:21.179952,pump_01,49.32650944661092,0.20714715473818535,223.77144765058773,0
2026-02-28 16:55:21.179952,pump_01,44.384443530093996,0.2866257499742546,218.39399473895133,0
2026-02-28 16:56:21.179952,pump_01,45.43830065532788,0.31156500730963166,221.07536085462885,0
2026-02-28 16:57:21.179952,pump_01,45.49876736742151,0.23190255507203789,217.8071311728536,0
2026-02-28 16:58:21.179952,pump_01,48.15490655952695,0.22504222374722285,222.27376554977087,0
2026-02-28 16:59:21.179952,pump_01,44.809408935226095,0.10994711329236306,222.0565232163706,0
2026-02-28 17:00:21.179952,pump_01,45.55804305154068,0.1728663100132989,225.54582649988924,0
2026-02-28 17:01:21.179952,pump_01,46.21579301943308,0.16061081240458808,219.47330816350237,0
2026-02-28 17:02:21.179952,pump_01,45.37321824631272,0.1689576200874442,222.0059644142737,0
2026-02-28 17:03:21.179952,pump_01,44.10713277089894,0.19159280907076054,220.29420261861682,0
2026-02-28 17:04:21.179952,pump_01,45.38817998579662,0.17639547111514364,223.88761534558904,0
2026-02-28 17:05:21.179952,pump_01,47.14726349971954,0.10103500948121062,217.84350283717382,0
2026-02-28 17:06:21.179952,pump_01,42.94696940117788,0.2373955128058767,222.23501593863185,0
2026-02-28 17:07:21.179952,pump_01,45.26593934829375,0.1463628487130097,219.41590811164997,0
2026-02-28 17:08:21.179952,pump_01,43.599758370121656,0.21196234320555749,219.8074354686745,0
2026-02-28 17:09:21.179952,pump_01,88.82948475012131,1.4978645921881688,181.3730003271557,1
2026-02-28 17:10:21.179952,pump_01,41.95362619043245,0.15403077042067884,220.75672118928003,0
2026-02-28 17:11:21.179952,pump_01,43.882156305456824,0.07348562386268351,219.65131287063411,0
2026-02-28 17:12:21.179952,pump_01,45.75442375012904,0.18569978890599448,220.64413954951158,0
2026-02-28 17:13:21.179952,pump_01,48.13104805846868,0.2550479817499286,224.73435417268655,0
2026-02-28 17:14:21.179952,pump_01,44.86849947785402,0.2979173727110297,222.95634905684565,0
2026-02-28 17:15:21.179952,pump_01,43.889600946613605,0.13852252027737916,222.6074637774907,0
2026-02-28 17:16:21.179952,pump_01,48.76231413888118,0.2248349611618261,218.6333814219284,0
2026-02-28 17:17:21.179952,pump_01,42.103972199167515,0.17673447716099733,217.332277515315,0
2026-02-28 17:18:21.179952,pump_01,40.60238808675984,0.19470258228479323,222.86590167471326,0
2026-02-28 17:19:21.179952,pump_01,45.880028900106666,0.3322171673508517,222.62814037758938,0
2026-02-28 17:20:21.179952,pump_01,43.995891551294775,0.12485148358024234,224.41801202725296,0
2026-02-28 17:21:21.179952,pump_01,42.957534365738574,0.2126869830747287,218.18805812209231,0
2026-02-28 17:22:21.179952,pump_01,46.4167128945987,0.22338465858827167,219.31135403391895,0
2026-02-28 17:23:21.179952,pump_01,45.4876014275424,0.2542893162469674,215.0815475124237,0
2026-02-28 17:24:21.179952,pump_01,43.871842738526546,0.20489915767354477,218.82258668181737,0
2026-02-28 17:25:21.179952,pump_01,42.439391202658214,0.21540252697520512,222.98971153173835,0
2026-02-28 17:26:21.179952,pump_01,46.74491465656029,0.18041757162891045,218.6005138623154,0
2026-02-28 17:27:21.179952,pump_01,46.30040235591732,0.21345634706225539,221.92143938560247,0
2026-02-28 17:28:21.179952,pump_01,44.801648272441234,0.1828403862251295,219.42849068200655,0
2026-02-28 17:29:21.179952,pump_01,48.69327399209533,0.23107859449280255,220.9721710846647,0
2026-02-28 17:30:21.179952,pump_01,42.85983046734769,0.1815194831978183,216.55692583055298,0
2026-02-28 17:31:21.179952,pump_01,41.948949658150525,0.21885501969510934,220.2556283489017,0
2026-02-28 17:32:21.179952,pump_01,43.61618386023751,0.1985368593157511,211.02659208729784,0
2026-02-28 17:33:21.179952,pump_01,44.90882796728901,0.2563025125386084,219.43931152551406,0
2026-02-28 17:34:21.179952,pump_01,45.48667889864539,0.1974303138205757,215.10858026885458,0
2026-02-28 17:35:21.179952,pump_01,44.51752788428734,0.11134837658965593,223.61798354964046,0
2026-02-28 17:36:21.179952,pump_01,45.70411079302859,0.2630960750356996,222.33222205829352,0
2026-02-28 17:37:21.179952,pump_01,75.66568806985154,1.0185328155983906,254.35262279656553,1
2026-02-28 17:38:21.179952,pump_01,47.88752920814652,0.167311683067559,224.56301868147813,0
2026-02-28 17:39:21.179952,pump_01,44.835697643214864,0.1702169352978254,217.1532504375255,0
2026-02-28 17:40:21.179952,pump_01,47.23459166317625,0.2687219046585409,225.24208959374667,0
2026-02-28 17:41:21.179952,pump_01,45.68545069275541,0.09321628930106524,222.79657469278115,0
2026-02-28 17:42:21.179952,pump_01,45.913506438307564,0.3568874266829997,219.29033413834316,0
2026-02-28 17:43:21.179952,pump_01,46.139534560464405,0.2528028404533026,223.40686044154884,0
2026-02-28 17:44:21.179952,pump_01,45.89541712003463,0.211161945706458,216.6811194627651,0
2026-02-28 17:45:21.179952,pump_01,46.285445519735084,0.1972552999691857,217.52645751541698,0
2026-02-28 17:46:21.179952,pump_01,47.658305060264865,0.21427770374288285,218.1742308302809,0
2026-02-28 17:47:21.179952,pump_01,45.39304233940294,0.22605612141896692,218.41306687580794,0
2026-02-28 17:48:21.179952,pump_01,46.418007515177024,0.23226077929750286,216.83032707171924,0
2026-02-28 17:49:21.179952,pump_01,44.820528611425544,0.22778022330017245,223.66924920128596,0
2026-02-28 17:50:21.179952,pump_01,47.880234430898945,0.20447903406276247,219.2234367988905,0
2026-02-28 17:51:21.179952,pump_01,43.64721539588146,0.19013307898463372,221.05751490507063,0
2026-02-28 17:52:21.179952,pump_01,73.48818534223,1.304110222651658,253.9312179820708,1
2026-02-28 17:53:21.179952,pump_01,44.919684098711315,0.19025458598236597,214.53819009835445,0
2026-02-28 17:54:21.179952,pump_01,42.138449795763904,0.25668850484335326,220.81017207517428,0
2026-02-28 17:55:21.179952,pump_01,45.25620882982158,0.2296778361140431,214.26323507374067,0
2026-02-28 17:56:21.179952,pump_01,43.63789668505024,0.05298056826678599,219.79409786174358,0
2026-02-28 17:57:21.179952,pump_01,46.681287097977446,0.23279503882648805,215.89505488350156,0
2026-02-28 17:58:21.179952,pump_01,43.69475204139522,0.20973680973593875,225.9618279976924,0
2026-02-28 17:59:21.179952,pump_01,44.10763313357044,0.19906456217770513,222.73408816652417,0
2026-02-28 18:00:21.179952,pump_01,41.22091853810894,0.18057407734555572,220.31726137381443,0
2026-02-28 18:01:21.179952,pump_01,44.09538736150185,0.2562056359993007,223.79112003296402,0
2026-02-28 18:02:21.179952,pump_01,40.15224134674209,0.2473763231061429,217.4610520676028,0
2026-02-28 18:03:21.179952,pump_01,41.832194353028555,0.16135611660881954,221.63043813601027,0
2026-02-28 18:04:21.179952,pump_01,46.5208293122886,0.22035261435622677,220.59943130115613,0
2026-02-28 18:05:21.179952,pump_01,46.571600317301666,0.1514171632729357,220.79206024400102,0
2026-02-28 18:06:21.179952,pump_01,45.850915123569926,0.13101909176055349,223.8170605003203,0
2026-02-28 18:07:21.179952,pump_01,43.066047713741575,0.16866413877050174,222.19747630833942,0
2026-02-28 18:08:21.179952,pump_01,81.44245927444413,1.483592716326033,188.49098019958677,1
2026-02-28 18:09:21.179952,pump_01,44.99279492181886,0.24765625226880433,215.0353376913151,0
2026-02-28 18:10:21.179952,pump_01,42.683270621614916,0.22565427100486465,217.1198611141616,0
2026-02-28 18:11:21.179952,pump_01,48.0067966035343,0.23625478934239988,219.63187319921283,0
2026-02-28 18:12:21.179952,pump_01,46.75472458115134,0.22580891435574793,220.28011712282995,0
2026-02-28 18:13:21.179952,pump_01,81.75983258927666,1.4759472826867603,254.18969773779526,1
2026-02-28 18:14:21.179952,pump_01,45.05377167798906,0.22159612723369704,227.23503002673527,0
2026-02-28 18:15:21.179952,pump_01,78.3819894583417,1.3590590462496457,189.45024064580568,1
2026-02-28 18:16:21.179952,pump_01,40.916530263151415,0.23771456649067874,221.80635496117745,0
2026-02-28 18:17:21.179952,pump_01,44.505645234958806,0.2594456685737322,220.21611058385125,0
2026-02-28 18:18:21.179952,pump_01,43.6360315040044,0.2354151923600532,219.36337309029653,0
2026-02-28 18:19:21.179952,pump_01,82.51363824522706,0.8344546401785332,187.5182514595668,1
2026-02-28 18:20:21.179952,pump_01,44.43779941422809,0.2535075119158214,220.2324415555566,0
2026-02-28 18:21:21.179952,pump_01,48.59537305369904,0.19867393703754702,220.77325762042824,0
2026-02-28 18:22:21.179952,pump_01,46.28168572253402,0.15590626743861413,216.27471827355512,0
2026-02-28 18:23:21.179952,pump_01,43.857642020434405,0.19184665180281182,221.0025292517347,0
2026-02-28 18:24:21.179952,pump_01,46.145165562712315,0.16275486775967757,219.53422285352576,0
